order_item_id,order_id,item_id,quantity,unit_price,subtotal
1,1,10,1,160.0,160.0
2,1,16,1,110.0,110.0
3,1,17,1,15.0,15.0
4,2,51,1,65.0,65.0
5,3,45,1,150.0,150.0
6,4,5,1,95.0,95.0
7,5,12,1,55.0,55.0
8,6,45,1,150.0,150.0
9,6,52,1,80.0,80.0
10,6,53,1,40.0,40.0
11,7,2,1,45.0,45.0
12,8,1,1,120.0,120.0
13,9,9,1,130.0,130.0
14,9,16,1,110.0,110.0
15,9,17,1,15.0,15.0
16,10,38,1,50.0,50.0
17,11,28,1,170.0,170.0
18,12,27,1,135.0,135.0
19,12,34,1,105.0,105.0
20,12,35,1,20.0,20.0
21,13,10,1,160.0,160.0
22,13,16,1,110.0,110.0
23,13,17,1,15.0,15.0
24,14,10,1,160.0,160.0
25,14,16,1,110.0,110.0
26,14,17,1,15.0,15.0
27,15,3,1,85.0,85.0
28,16,11,1,40.0,40.0
29,17,14,1,45.0,45.0
30,18,1,1,120.0,120.0
31,19,8,1,60.0,60.0
32,19,16,1,110.0,110.0
33,19,17,1,15.0,15.0
34,20,10,1,160.0,160.0
35,20,16,1,110.0,110.0
36,20,17,1,15.0,15.0
37,21,38,1,50.0,50.0
38,22,15,1,60.0,60.0
39,23,26,1,65.0,65.0
40,23,34,1,105.0,105.0
41,23,35,1,20.0,20.0
42,24,40,1,140.0,140.0
43,25,22,1,115.0,115.0
44,26,27,1,135.0,135.0
45,26,34,1,105.0,105.0
46,26,35,1,20.0,20.0
47,27,9,1,130.0,130.0
48,27,16,1,110.0,110.0
49,27,17,1,15.0,15.0
50,28,41,1,100.0,100.0
51,29,44,1,70.0,70.0
52,29,52,1,80.0,80.0
53,29,53,1,40.0,40.0
54,30,7,1,30.0,30.0
55,31,24,1,140.0,140.0
56,32,15,1,60.0,60.0
57,33,10,1,160.0,160.0
58,33,16,1,110.0,110.0
59,33,17,1,15.0,15.0
60,34,26,1,65.0,65.0
61,34,34,1,105.0,105.0
62,34,35,1,20.0,20.0
63,35,38,1,50.0,50.0
64,36,22,1,115.0,115.0
65,37,32,1,45.0,45.0
66,38,49,1,75.0,75.0
67,39,38,1,50.0,50.0
68,40,6,1,150.0,150.0
69,40,16,1,110.0,110.0
70,40,17,1,15.0,15.0
71,41,27,1,135.0,135.0
72,41,34,1,105.0,105.0
73,41,35,1,20.0,20.0
74,42,14,1,45.0,45.0
75,43,3,1,85.0,85.0
76,44,40,1,140.0,140.0
77,45,4,1,110.0,110.0
78,46,28,1,170.0,170.0
79,46,34,1,105.0,105.0
80,46,35,1,20.0,20.0
81,47,33,1,60.0,60.0
82,48,15,1,60.0,60.0
83,49,3,1,85.0,85.0
84,50,44,1,70.0,70.0
85,50,52,1,80.0,80.0
86,50,53,1,40.0,40.0
87,51,24,1,140.0,140.0
88,51,34,1,105.0,105.0
89,51,35,1,20.0,20.0
90,52,10,1,160.0,160.0
91,52,16,1,110.0,110.0
92,52,17,1,15.0,15.0
93,53,41,1,100.0,100.0
94,54,29,1,35.0,35.0
95,55,47,1,45.0,45.0
96,56,20,1,40.0,40.0
97,57,20,1,40.0,40.0
98,58,24,1,140.0,140.0
99,58,34,1,105.0,105.0
100,58,35,1,20.0,20.0
101,59,48,1,60.0,60.0
102,60,25,1,35.0,35.0
103,60,34,1,105.0,105.0
104,60,35,1,20.0,20.0
105,61,9,1,130.0,130.0
106,62,20,1,40.0,40.0
107,63,25,1,35.0,35.0
108,63,34,1,105.0,105.0
109,63,35,1,20.0,20.0
110,64,51,1,65.0,65.0
111,65,15,1,60.0,60.0
112,66,27,1,135.0,135.0
113,66,34,1,105.0,105.0
114,66,35,1,20.0,20.0
115,67,31,1,95.0,95.0
116,68,25,1,35.0,35.0
117,69,1,1,120.0,120.0
118,70,33,1,60.0,60.0
119,71,15,1,60.0,60.0
120,72,7,1,30.0,30.0
121,72,16,1,110.0,110.0
122,72,17,1,15.0,15.0
123,73,27,1,135.0,135.0
124,73,34,1,105.0,105.0
125,73,35,1,20.0,20.0
126,74,32,1,45.0,45.0
127,75,22,1,115.0,115.0
128,76,25,1,35.0,35.0
129,76,34,1,105.0,105.0
130,76,35,1,20.0,20.0
131,77,21,1,90.0,90.0
132,78,14,1,45.0,45.0
133,79,39,1,85.0,85.0
134,80,19,1,105.0,105.0
135,81,47,1,45.0,45.0
136,82,28,1,170.0,170.0
137,82,34,1,105.0,105.0
138,82,35,1,20.0,20.0
139,83,31,1,95.0,95.0
140,84,2,1,45.0,45.0
141,85,15,1,60.0,60.0
142,86,14,1,45.0,45.0
143,87,7,1,30.0,30.0
144,87,16,1,110.0,110.0
145,87,17,1,15.0,15.0
146,88,45,1,150.0,150.0
147,88,52,1,80.0,80.0
148,88,53,1,40.0,40.0
149,89,42,1,120.0,120.0
150,89,52,1,80.0,80.0
151,89,53,1,40.0,40.0
152,90,29,1,35.0,35.0
153,91,9,1,130.0,130.0
154,91,16,1,110.0,110.0
155,91,17,1,15.0,15.0
156,92,50,1,50.0,50.0
157,93,41,1,100.0,100.0
158,94,39,1,85.0,85.0
159,95,10,1,160.0,160.0
160,96,49,1,75.0,75.0
161,97,20,1,40.0,40.0
162,98,12,1,55.0,55.0
163,99,23,1,95.0,95.0
164,100,10,1,160.0,160.0
165,100,16,1,110.0,110.0
166,100,17,1,15.0,15.0
167,101,14,1,45.0,45.0
168,102,26,1,65.0,65.0
169,102,34,1,105.0,105.0
170,102,35,1,20.0,20.0
171,103,41,1,100.0,100.0
172,104,33,1,60.0,60.0
173,105,50,1,50.0,50.0
174,106,47,1,45.0,45.0
175,107,10,1,160.0,160.0
176,108,14,1,45.0,45.0
177,109,43,1,45.0,45.0
178,109,52,1,80.0,80.0
179,109,53,1,40.0,40.0
180,110,31,1,95.0,95.0
181,111,38,1,50.0,50.0
182,112,25,1,35.0,35.0
183,112,34,1,105.0,105.0
184,112,35,1,20.0,20.0
185,113,27,1,135.0,135.0
186,113,34,1,105.0,105.0
187,113,35,1,20.0,20.0
188,114,42,1,120.0,120.0
189,114,52,1,80.0,80.0
190,114,53,1,40.0,40.0
191,115,2,1,45.0,45.0
192,116,12,1,55.0,55.0
193,117,33,1,60.0,60.0
194,118,11,1,40.0,40.0
195,119,3,1,85.0,85.0
196,120,6,1,150.0,150.0
197,120,16,1,110.0,110.0
198,120,17,1,15.0,15.0
199,121,5,1,95.0,95.0
200,122,10,1,160.0,160.0
201,122,16,1,110.0,110.0
202,122,17,1,15.0,15.0
203,123,19,1,105.0,105.0
204,124,14,1,45.0,45.0
205,125,2,1,45.0,45.0
206,126,30,1,50.0,50.0
207,127,3,1,85.0,85.0
208,128,12,1,55.0,55.0
209,129,38,1,50.0,50.0
210,130,25,1,35.0,35.0
211,130,34,1,105.0,105.0
212,130,35,1,20.0,20.0
213,131,7,1,30.0,30.0
214,132,1,1,120.0,120.0
215,133,5,1,95.0,95.0
216,134,26,1,65.0,65.0
217,134,34,1,105.0,105.0
218,134,35,1,20.0,20.0
219,135,39,1,85.0,85.0
220,136,15,1,60.0,60.0
221,137,26,1,65.0,65.0
222,137,34,1,105.0,105.0
223,137,35,1,20.0,20.0
224,138,19,1,105.0,105.0
225,139,2,1,45.0,45.0
226,140,29,1,35.0,35.0
227,141,8,1,60.0,60.0
228,142,19,1,105.0,105.0
229,143,7,1,30.0,30.0
230,143,16,1,110.0,110.0
231,143,17,1,15.0,15.0
232,144,39,1,85.0,85.0
233,145,50,1,50.0,50.0
234,146,46,1,180.0,180.0
235,146,52,1,80.0,80.0
236,146,53,1,40.0,40.0
237,147,6,1,150.0,150.0
238,148,1,1,120.0,120.0
239,149,42,1,120.0,120.0
240,149,52,1,80.0,80.0
241,149,53,1,40.0,40.0
242,150,12,1,55.0,55.0
243,151,47,1,45.0,45.0
244,152,31,1,95.0,95.0
245,153,44,1,70.0,70.0
246,153,52,1,80.0,80.0
247,153,53,1,40.0,40.0
248,154,9,1,130.0,130.0
249,155,21,1,90.0,90.0
250,156,30,1,50.0,50.0
251,157,12,1,55.0,55.0
252,158,47,1,45.0,45.0
253,159,41,1,100.0,100.0
254,160,39,1,85.0,85.0
255,161,25,1,35.0,35.0
256,162,19,1,105.0,105.0
257,163,1,1,120.0,120.0
258,164,23,1,95.0,95.0
259,165,49,1,75.0,75.0
260,166,8,1,60.0,60.0
261,166,16,1,110.0,110.0
262,166,17,1,15.0,15.0
263,167,23,1,95.0,95.0
264,168,37,1,130.0,130.0
265,169,37,1,130.0,130.0
266,170,7,1,30.0,30.0
267,170,16,1,110.0,110.0
268,170,17,1,15.0,15.0
269,171,44,1,70.0,70.0
270,171,52,1,80.0,80.0
271,171,53,1,40.0,40.0
272,172,22,1,115.0,115.0
273,173,42,1,120.0,120.0
274,173,52,1,80.0,80.0
275,173,53,1,40.0,40.0
276,174,43,1,45.0,45.0
277,174,52,1,80.0,80.0
278,174,53,1,40.0,40.0
279,175,32,1,45.0,45.0
280,176,5,1,95.0,95.0
281,177,40,1,140.0,140.0
282,178,44,1,70.0,70.0
283,179,26,1,65.0,65.0
284,179,34,1,105.0,105.0
285,179,35,1,20.0,20.0
286,180,22,1,115.0,115.0
287,181,43,1,45.0,45.0
288,181,52,1,80.0,80.0
289,181,53,1,40.0,40.0
290,182,13,1,90.0,90.0
291,183,6,1,150.0,150.0
292,183,16,1,110.0,110.0
293,183,17,1,15.0,15.0
294,184,47,1,45.0,45.0
295,185,15,1,60.0,60.0
296,186,7,1,30.0,30.0
297,187,39,1,85.0,85.0
298,188,39,1,85.0,85.0
299,189,15,1,60.0,60.0
300,190,7,1,30.0,30.0
301,190,16,1,110.0,110.0
302,190,17,1,15.0,15.0
303,191,6,1,150.0,150.0
304,191,16,1,110.0,110.0
305,191,17,1,15.0,15.0
306,192,29,1,35.0,35.0
307,193,3,1,85.0,85.0
308,194,28,1,170.0,170.0
309,194,34,1,105.0,105.0
310,194,35,1,20.0,20.0
311,195,44,1,70.0,70.0
312,195,52,1,80.0,80.0
313,195,53,1,40.0,40.0
314,196,21,1,90.0,90.0
315,197,3,1,85.0,85.0
316,198,25,1,35.0,35.0
317,198,34,1,105.0,105.0
318,198,35,1,20.0,20.0
319,199,24,1,140.0,140.0
320,199,34,1,105.0,105.0
321,199,35,1,20.0,20.0
322,200,37,1,130.0,130.0
323,201,14,1,45.0,45.0
324,202,32,1,45.0,45.0
325,203,12,1,55.0,55.0
326,204,23,1,95.0,95.0
327,205,4,1,110.0,110.0
328,206,21,1,90.0,90.0
329,207,50,1,50.0,50.0
330,208,5,1,95.0,95.0
331,209,50,1,50.0,50.0
332,210,6,1,150.0,150.0
333,210,16,1,110.0,110.0
334,210,17,1,15.0,15.0
335,211,19,1,105.0,105.0
336,212,9,1,130.0,130.0
337,212,16,1,110.0,110.0
338,212,17,1,15.0,15.0
339,213,7,1,30.0,30.0
340,213,16,1,110.0,110.0
341,213,17,1,15.0,15.0
342,214,15,1,60.0,60.0
343,215,28,1,170.0,170.0
344,215,34,1,105.0,105.0
345,215,35,1,20.0,20.0
346,216,43,1,45.0,45.0
347,216,52,1,80.0,80.0
348,216,53,1,40.0,40.0
349,217,11,1,40.0,40.0
350,218,7,1,30.0,30.0
351,218,16,1,110.0,110.0
352,218,17,1,15.0,15.0
353,219,49,1,75.0,75.0
354,220,44,1,70.0,70.0
355,221,47,1,45.0,45.0
356,222,50,1,50.0,50.0
357,223,12,1,55.0,55.0
358,224,1,1,120.0,120.0
359,225,2,1,45.0,45.0
360,226,46,1,180.0,180.0
361,226,52,1,80.0,80.0
362,226,53,1,40.0,40.0
363,227,31,1,95.0,95.0
364,228,43,1,45.0,45.0
365,228,52,1,80.0,80.0
366,228,53,1,40.0,40.0
367,229,51,1,65.0,65.0
368,230,37,1,130.0,130.0
369,231,41,1,100.0,100.0
370,232,43,1,45.0,45.0
371,232,52,1,80.0,80.0
372,232,53,1,40.0,40.0
373,233,47,1,45.0,45.0
374,234,32,1,45.0,45.0
375,235,42,1,120.0,120.0
376,235,52,1,80.0,80.0
377,235,53,1,40.0,40.0
378,236,43,1,45.0,45.0
379,237,11,1,40.0,40.0
380,238,22,1,115.0,115.0
381,239,39,1,85.0,85.0
382,240,13,1,90.0,90.0
383,241,47,1,45.0,45.0
384,242,27,1,135.0,135.0
385,243,19,1,105.0,105.0
386,244,7,1,30.0,30.0
387,244,16,1,110.0,110.0
388,244,17,1,15.0,15.0
389,245,6,1,150.0,150.0
390,245,16,1,110.0,110.0
391,245,17,1,15.0,15.0
392,246,49,1,75.0,75.0
393,247,30,1,50.0,50.0
394,248,45,1,150.0,150.0
395,248,52,1,80.0,80.0
396,248,53,1,40.0,40.0
397,249,12,1,55.0,55.0
398,250,10,1,160.0,160.0
399,250,16,1,110.0,110.0
400,250,17,1,15.0,15.0
401,251,50,1,50.0,50.0
402,252,13,1,90.0,90.0
403,253,31,1,95.0,95.0
404,254,46,1,180.0,180.0
405,254,52,1,80.0,80.0
406,254,53,1,40.0,40.0
407,255,19,1,105.0,105.0
408,256,47,1,45.0,45.0
409,257,1,1,120.0,120.0
410,258,2,1,45.0,45.0
411,259,43,1,45.0,45.0
412,259,52,1,80.0,80.0
413,259,53,1,40.0,40.0
414,260,6,1,150.0,150.0
415,260,16,1,110.0,110.0
416,260,17,1,15.0,15.0
417,261,31,1,95.0,95.0
418,262,4,1,110.0,110.0
419,263,44,1,70.0,70.0
420,263,52,1,80.0,80.0
421,263,53,1,40.0,40.0
422,264,32,1,45.0,45.0
423,265,1,1,120.0,120.0
424,266,49,1,75.0,75.0
425,267,30,1,50.0,50.0
426,268,2,1,45.0,45.0
427,269,6,1,150.0,150.0
428,269,16,1,110.0,110.0
429,269,17,1,15.0,15.0
430,270,26,1,65.0,65.0
431,270,34,1,105.0,105.0
432,270,35,1,20.0,20.0
433,271,5,1,95.0,95.0
434,272,27,1,135.0,135.0
435,272,34,1,105.0,105.0
436,272,35,1,20.0,20.0
437,273,6,1,150.0,150.0
438,273,16,1,110.0,110.0
439,273,17,1,15.0,15.0
440,274,51,1,65.0,65.0
441,275,41,1,100.0,100.0
442,276,2,1,45.0,45.0
443,277,31,1,95.0,95.0
444,278,3,1,85.0,85.0
445,279,31,1,95.0,95.0
446,280,45,1,150.0,150.0
447,280,52,1,80.0,80.0
448,280,53,1,40.0,40.0
449,281,13,1,90.0,90.0
450,282,12,1,55.0,55.0
451,283,29,1,35.0,35.0
452,284,26,1,65.0,65.0
453,285,13,1,90.0,90.0
454,286,32,1,45.0,45.0
455,287,29,1,35.0,35.0
456,288,27,1,135.0,135.0
457,288,34,1,105.0,105.0
458,288,35,1,20.0,20.0
459,289,7,1,30.0,30.0
460,289,16,1,110.0,110.0
461,289,17,1,15.0,15.0
462,290,2,1,45.0,45.0
463,291,47,1,45.0,45.0
464,292,26,1,65.0,65.0
465,292,34,1,105.0,105.0
466,292,35,1,20.0,20.0
467,293,1,1,120.0,120.0
468,294,19,1,105.0,105.0
469,295,9,1,130.0,130.0
470,295,16,1,110.0,110.0
471,295,17,1,15.0,15.0
472,296,25,1,35.0,35.0
473,296,34,1,105.0,105.0
474,296,35,1,20.0,20.0
475,297,26,1,65.0,65.0
476,297,34,1,105.0,105.0
477,297,35,1,20.0,20.0
478,298,29,1,35.0,35.0
479,299,31,1,95.0,95.0
480,300,38,1,50.0,50.0
481,301,25,1,35.0,35.0
482,301,34,1,105.0,105.0
483,301,35,1,20.0,20.0
484,302,19,1,105.0,105.0
485,303,41,1,100.0,100.0
486,304,12,1,55.0,55.0
487,305,19,1,105.0,105.0
488,306,49,1,75.0,75.0
489,307,27,1,135.0,135.0
490,307,34,1,105.0,105.0
491,307,35,1,20.0,20.0
492,308,45,1,150.0,150.0
493,308,52,1,80.0,80.0
494,308,53,1,40.0,40.0
495,309,25,1,35.0,35.0
496,310,7,1,30.0,30.0
497,310,16,1,110.0,110.0
498,310,17,1,15.0,15.0
499,311,38,1,50.0,50.0
500,312,49,1,75.0,75.0
501,313,45,1,150.0,150.0
502,314,23,1,95.0,95.0
503,315,29,1,35.0,35.0
504,316,19,1,105.0,105.0
505,317,29,1,35.0,35.0
506,318,8,1,60.0,60.0
507,318,16,1,110.0,110.0
508,318,17,1,15.0,15.0
509,319,19,1,105.0,105.0
510,320,1,1,120.0,120.0
511,321,31,1,95.0,95.0
512,322,42,1,120.0,120.0
513,322,52,1,80.0,80.0
514,322,53,1,40.0,40.0
515,323,51,1,65.0,65.0
516,324,23,1,95.0,95.0
517,325,21,1,90.0,90.0
518,326,1,1,120.0,120.0
519,327,50,1,50.0,50.0
520,328,30,1,50.0,50.0
521,329,26,1,65.0,65.0
522,329,34,1,105.0,105.0
523,329,35,1,20.0,20.0
524,330,30,1,50.0,50.0
525,331,47,1,45.0,45.0
526,332,12,1,55.0,55.0
527,333,38,1,50.0,50.0
528,334,24,1,140.0,140.0
529,334,34,1,105.0,105.0
530,334,35,1,20.0,20.0
531,335,1,1,120.0,120.0
532,336,41,1,100.0,100.0
533,337,30,1,50.0,50.0
534,338,37,1,130.0,130.0
535,339,12,1,55.0,55.0
536,340,25,1,35.0,35.0
537,340,34,1,105.0,105.0
538,340,35,1,20.0,20.0
539,341,47,1,45.0,45.0
540,342,24,1,140.0,140.0
541,342,34,1,105.0,105.0
542,342,35,1,20.0,20.0
543,343,41,1,100.0,100.0
544,344,9,1,130.0,130.0
545,344,16,1,110.0,110.0
546,344,17,1,15.0,15.0
547,345,37,1,130.0,130.0
548,346,4,1,110.0,110.0
549,347,15,1,60.0,60.0
550,348,8,1,60.0,60.0
551,348,16,1,110.0,110.0
552,348,17,1,15.0,15.0
553,349,21,1,90.0,90.0
554,350,13,1,90.0,90.0
555,351,49,1,75.0,75.0
556,352,28,1,170.0,170.0
557,352,34,1,105.0,105.0
558,352,35,1,20.0,20.0
559,353,7,1,30.0,30.0
560,353,16,1,110.0,110.0
561,353,17,1,15.0,15.0
562,354,20,1,40.0,40.0
563,355,28,1,170.0,170.0
564,355,34,1,105.0,105.0
565,355,35,1,20.0,20.0
566,356,14,1,45.0,45.0
567,357,23,1,95.0,95.0
568,358,51,1,65.0,65.0
569,359,7,1,30.0,30.0
570,359,16,1,110.0,110.0
571,359,17,1,15.0,15.0
572,360,13,1,90.0,90.0
573,361,27,1,135.0,135.0
574,361,34,1,105.0,105.0
575,361,35,1,20.0,20.0
576,362,24,1,140.0,140.0
577,362,34,1,105.0,105.0
578,362,35,1,20.0,20.0
579,363,38,1,50.0,50.0
580,364,46,1,180.0,180.0
581,364,52,1,80.0,80.0
582,364,53,1,40.0,40.0
583,365,46,1,180.0,180.0
584,365,52,1,80.0,80.0
585,365,53,1,40.0,40.0
586,366,26,1,65.0,65.0
587,366,34,1,105.0,105.0
588,366,35,1,20.0,20.0
589,367,9,1,130.0,130.0
590,367,16,1,110.0,110.0
591,367,17,1,15.0,15.0
592,368,23,1,95.0,95.0
593,369,11,1,40.0,40.0
594,370,4,1,110.0,110.0
595,371,5,1,95.0,95.0
596,372,50,1,50.0,50.0
597,373,50,1,50.0,50.0
598,374,22,1,115.0,115.0
599,375,23,1,95.0,95.0
600,376,2,1,45.0,45.0
601,377,9,1,130.0,130.0
602,378,23,1,95.0,95.0
603,379,2,1,45.0,45.0
604,380,40,1,140.0,140.0
605,381,25,1,35.0,35.0
606,381,34,1,105.0,105.0
607,381,35,1,20.0,20.0
608,382,11,1,40.0,40.0
609,383,38,1,50.0,50.0
610,384,21,1,90.0,90.0
611,385,20,1,40.0,40.0
612,386,38,1,50.0,50.0
613,387,27,1,135.0,135.0
614,387,34,1,105.0,105.0
615,387,35,1,20.0,20.0
616,388,2,1,45.0,45.0
617,389,25,1,35.0,35.0
618,389,34,1,105.0,105.0
619,389,35,1,20.0,20.0
620,390,6,1,150.0,150.0
621,390,16,1,110.0,110.0
622,390,17,1,15.0,15.0
623,391,31,1,95.0,95.0
624,392,30,1,50.0,50.0
625,393,4,1,110.0,110.0
626,394,23,1,95.0,95.0
627,395,49,1,75.0,75.0
628,396,25,1,35.0,35.0
629,396,34,1,105.0,105.0
630,396,35,1,20.0,20.0
631,397,49,1,75.0,75.0
632,398,9,1,130.0,130.0
633,398,16,1,110.0,110.0
634,398,17,1,15.0,15.0
635,399,40,1,140.0,140.0
636,400,12,1,55.0,55.0
637,401,44,1,70.0,70.0
638,401,52,1,80.0,80.0
639,401,53,1,40.0,40.0
640,402,41,1,100.0,100.0
641,403,33,1,60.0,60.0
642,404,41,1,100.0,100.0
643,405,28,1,170.0,170.0
644,405,34,1,105.0,105.0
645,405,35,1,20.0,20.0
646,406,51,1,65.0,65.0
647,407,27,1,135.0,135.0
648,407,34,1,105.0,105.0
649,407,35,1,20.0,20.0
650,408,7,1,30.0,30.0
651,408,16,1,110.0,110.0
652,408,17,1,15.0,15.0
653,409,1,1,120.0,120.0
654,410,15,1,60.0,60.0
655,411,28,1,170.0,170.0
656,411,34,1,105.0,105.0
657,411,35,1,20.0,20.0
658,412,29,1,35.0,35.0
659,413,5,1,95.0,95.0
660,414,10,1,160.0,160.0
661,414,16,1,110.0,110.0
662,414,17,1,15.0,15.0
663,415,7,1,30.0,30.0
664,415,16,1,110.0,110.0
665,415,17,1,15.0,15.0
666,416,44,1,70.0,70.0
667,416,52,1,80.0,80.0
668,416,53,1,40.0,40.0
669,417,22,1,115.0,115.0
670,418,38,1,50.0,50.0
671,419,22,1,115.0,115.0
672,420,2,1,45.0,45.0
673,421,2,1,45.0,45.0
674,422,13,1,90.0,90.0
675,423,37,1,130.0,130.0
676,424,42,1,120.0,120.0
677,424,52,1,80.0,80.0
678,424,53,1,40.0,40.0
679,425,31,1,95.0,95.0
680,426,12,1,55.0,55.0
681,427,24,1,140.0,140.0
682,427,34,1,105.0,105.0
683,427,35,1,20.0,20.0
684,428,9,1,130.0,130.0
685,428,16,1,110.0,110.0
686,428,17,1,15.0,15.0
687,429,27,1,135.0,135.0
688,429,34,1,105.0,105.0
689,429,35,1,20.0,20.0
690,430,22,1,115.0,115.0
691,431,27,1,135.0,135.0
692,431,34,1,105.0,105.0
693,431,35,1,20.0,20.0
694,432,46,1,180.0,180.0
695,432,52,1,80.0,80.0
696,432,53,1,40.0,40.0
697,433,48,1,60.0,60.0
698,434,11,1,40.0,40.0
699,435,37,1,130.0,130.0
700,436,2,1,45.0,45.0
701,437,12,1,55.0,55.0
702,438,24,1,140.0,140.0
703,439,49,1,75.0,75.0
704,440,27,1,135.0,135.0
705,440,34,1,105.0,105.0
706,440,35,1,20.0,20.0
707,441,51,1,65.0,65.0
708,442,50,1,50.0,50.0
709,443,14,1,45.0,45.0
710,444,25,1,35.0,35.0
711,444,34,1,105.0,105.0
712,444,35,1,20.0,20.0
713,445,20,1,40.0,40.0
714,446,37,1,130.0,130.0
715,447,48,1,60.0,60.0
716,448,10,1,160.0,160.0
717,448,16,1,110.0,110.0
718,448,17,1,15.0,15.0
719,449,14,1,45.0,45.0
720,450,49,1,75.0,75.0
721,451,32,1,45.0,45.0
722,452,37,1,130.0,130.0
723,453,7,1,30.0,30.0
724,453,16,1,110.0,110.0
725,453,17,1,15.0,15.0
726,454,15,1,60.0,60.0
727,455,12,1,55.0,55.0
728,456,11,1,40.0,40.0
729,457,25,1,35.0,35.0
730,457,34,1,105.0,105.0
731,457,35,1,20.0,20.0
732,458,42,1,120.0,120.0
733,458,52,1,80.0,80.0
734,458,53,1,40.0,40.0
735,459,32,1,45.0,45.0
736,460,51,1,65.0,65.0
737,461,26,1,65.0,65.0
738,461,34,1,105.0,105.0
739,461,35,1,20.0,20.0
740,462,23,1,95.0,95.0
741,463,3,1,85.0,85.0
742,464,23,1,95.0,95.0
743,465,20,1,40.0,40.0
744,466,43,1,45.0,45.0
745,466,52,1,80.0,80.0
746,466,53,1,40.0,40.0
747,467,2,1,45.0,45.0
748,468,37,1,130.0,130.0
749,469,37,1,130.0,130.0
750,470,12,1,55.0,55.0
751,471,51,1,65.0,65.0
752,472,24,1,140.0,140.0
753,472,34,1,105.0,105.0
754,472,35,1,20.0,20.0
755,473,20,1,40.0,40.0
756,474,7,1,30.0,30.0
757,474,16,1,110.0,110.0
758,474,17,1,15.0,15.0
759,475,25,1,35.0,35.0
760,476,48,1,60.0,60.0
761,477,22,1,115.0,115.0
762,478,25,1,35.0,35.0
763,478,34,1,105.0,105.0
764,478,35,1,20.0,20.0
765,479,49,1,75.0,75.0
766,480,4,1,110.0,110.0
767,481,49,1,75.0,75.0
768,482,29,1,35.0,35.0
769,483,7,1,30.0,30.0
770,483,16,1,110.0,110.0
771,483,17,1,15.0,15.0
772,484,21,1,90.0,90.0
773,485,47,1,45.0,45.0
774,486,14,1,45.0,45.0
775,487,24,1,140.0,140.0
776,487,34,1,105.0,105.0
777,487,35,1,20.0,20.0
778,488,51,1,65.0,65.0
779,489,27,1,135.0,135.0
780,490,42,1,120.0,120.0
781,490,52,1,80.0,80.0
782,490,53,1,40.0,40.0
783,491,5,1,95.0,95.0
784,492,9,1,130.0,130.0
785,493,39,1,85.0,85.0
786,494,41,1,100.0,100.0
787,495,27,1,135.0,135.0
788,495,34,1,105.0,105.0
789,495,35,1,20.0,20.0
790,496,31,1,95.0,95.0
791,497,30,1,50.0,50.0
792,498,50,1,50.0,50.0
793,499,19,1,105.0,105.0
794,500,3,1,85.0,85.0
795,501,45,1,150.0,150.0
796,502,47,1,45.0,45.0
797,503,29,1,35.0,35.0
798,504,14,1,45.0,45.0
799,505,4,1,110.0,110.0
800,506,39,1,85.0,85.0
801,507,45,1,150.0,150.0
802,507,52,1,80.0,80.0
803,507,53,1,40.0,40.0
804,508,42,1,120.0,120.0
805,508,52,1,80.0,80.0
806,508,53,1,40.0,40.0
807,509,26,1,65.0,65.0
808,509,34,1,105.0,105.0
809,509,35,1,20.0,20.0
810,510,1,1,120.0,120.0
811,511,50,1,50.0,50.0
812,512,19,1,105.0,105.0
813,513,8,1,60.0,60.0
814,513,16,1,110.0,110.0
815,513,17,1,15.0,15.0
816,514,49,1,75.0,75.0
817,515,19,1,105.0,105.0
818,516,50,1,50.0,50.0
819,517,46,1,180.0,180.0
820,517,52,1,80.0,80.0
821,517,53,1,40.0,40.0
822,518,5,1,95.0,95.0
823,519,1,1,120.0,120.0
824,520,9,1,130.0,130.0
825,521,48,1,60.0,60.0
826,522,14,1,45.0,45.0
827,523,14,1,45.0,45.0
828,524,27,1,135.0,135.0
829,525,42,1,120.0,120.0
830,525,52,1,80.0,80.0
831,525,53,1,40.0,40.0
832,526,21,1,90.0,90.0
833,527,33,1,60.0,60.0
834,528,51,1,65.0,65.0
835,529,1,1,120.0,120.0
836,530,14,1,45.0,45.0
837,531,24,1,140.0,140.0
838,531,34,1,105.0,105.0
839,531,35,1,20.0,20.0
840,532,51,1,65.0,65.0
841,533,13,1,90.0,90.0
842,534,44,1,70.0,70.0
843,534,52,1,80.0,80.0
844,534,53,1,40.0,40.0
845,535,14,1,45.0,45.0
846,536,5,1,95.0,95.0
847,537,42,1,120.0,120.0
848,537,52,1,80.0,80.0
849,537,53,1,40.0,40.0
850,538,48,1,60.0,60.0
851,539,23,1,95.0,95.0
852,540,37,1,130.0,130.0
853,541,20,1,40.0,40.0
854,542,8,1,60.0,60.0
855,542,16,1,110.0,110.0
856,542,17,1,15.0,15.0
857,543,22,1,115.0,115.0
858,544,23,1,95.0,95.0
859,545,42,1,120.0,120.0
860,545,52,1,80.0,80.0
861,545,53,1,40.0,40.0
862,546,43,1,45.0,45.0
863,547,50,1,50.0,50.0
864,548,26,1,65.0,65.0
865,548,34,1,105.0,105.0
866,548,35,1,20.0,20.0
867,549,4,1,110.0,110.0
868,550,32,1,45.0,45.0
869,551,2,1,45.0,45.0
870,552,11,1,40.0,40.0
871,553,45,1,150.0,150.0
872,553,52,1,80.0,80.0
873,553,53,1,40.0,40.0
874,554,5,1,95.0,95.0
875,555,21,1,90.0,90.0
876,556,2,1,45.0,45.0
877,557,8,1,60.0,60.0
878,557,16,1,110.0,110.0
879,557,17,1,15.0,15.0
880,558,31,1,95.0,95.0
881,559,33,1,60.0,60.0
882,560,25,1,35.0,35.0
883,560,34,1,105.0,105.0
884,560,35,1,20.0,20.0
885,561,45,1,150.0,150.0
886,561,52,1,80.0,80.0
887,561,53,1,40.0,40.0
888,562,10,1,160.0,160.0
889,563,10,1,160.0,160.0
890,563,16,1,110.0,110.0
891,563,17,1,15.0,15.0
892,564,7,1,30.0,30.0
893,564,16,1,110.0,110.0
894,564,17,1,15.0,15.0
895,565,14,1,45.0,45.0
896,566,40,1,140.0,140.0
897,567,7,1,30.0,30.0
898,567,16,1,110.0,110.0
899,567,17,1,15.0,15.0
900,568,12,1,55.0,55.0
901,569,28,1,170.0,170.0
902,569,34,1,105.0,105.0
903,569,35,1,20.0,20.0
904,570,3,1,85.0,85.0
905,571,10,1,160.0,160.0
906,571,16,1,110.0,110.0
907,571,17,1,15.0,15.0
908,572,14,1,45.0,45.0
909,573,2,1,45.0,45.0
910,574,20,1,40.0,40.0
911,575,31,1,95.0,95.0
912,576,3,1,85.0,85.0
913,577,31,1,95.0,95.0
914,578,51,1,65.0,65.0
915,579,42,1,120.0,120.0
916,579,52,1,80.0,80.0
917,579,53,1,40.0,40.0
918,580,46,1,180.0,180.0
919,580,52,1,80.0,80.0
920,580,53,1,40.0,40.0
921,581,15,1,60.0,60.0
922,582,46,1,180.0,180.0
923,582,52,1,80.0,80.0
924,582,53,1,40.0,40.0
925,583,1,1,120.0,120.0
926,584,43,1,45.0,45.0
927,584,52,1,80.0,80.0
928,584,53,1,40.0,40.0
929,585,22,1,115.0,115.0
930,586,10,1,160.0,160.0
931,586,16,1,110.0,110.0
932,586,17,1,15.0,15.0
933,587,38,1,50.0,50.0
934,588,45,1,150.0,150.0
935,588,52,1,80.0,80.0
936,588,53,1,40.0,40.0
937,589,45,1,150.0,150.0
938,589,52,1,80.0,80.0
939,589,53,1,40.0,40.0
940,590,26,1,65.0,65.0
941,591,4,1,110.0,110.0
942,592,20,1,40.0,40.0
943,593,39,1,85.0,85.0
944,594,41,1,100.0,100.0
945,595,6,1,150.0,150.0
946,595,16,1,110.0,110.0
947,595,17,1,15.0,15.0
948,596,1,1,120.0,120.0
949,597,27,1,135.0,135.0
950,597,34,1,105.0,105.0
951,597,35,1,20.0,20.0
952,598,32,1,45.0,45.0
953,599,49,1,75.0,75.0
954,600,48,1,60.0,60.0
955,601,1,1,120.0,120.0
956,602,7,1,30.0,30.0
957,602,16,1,110.0,110.0
958,602,17,1,15.0,15.0
959,603,6,1,150.0,150.0
960,603,16,1,110.0,110.0
961,603,17,1,15.0,15.0
962,604,11,1,40.0,40.0
963,605,38,1,50.0,50.0
964,606,31,1,95.0,95.0
965,607,33,1,60.0,60.0
966,608,19,1,105.0,105.0
967,609,51,1,65.0,65.0
968,610,45,1,150.0,150.0
969,610,52,1,80.0,80.0
970,610,53,1,40.0,40.0
971,611,40,1,140.0,140.0
972,612,37,1,130.0,130.0
973,613,26,1,65.0,65.0
974,613,34,1,105.0,105.0
975,613,35,1,20.0,20.0
976,614,22,1,115.0,115.0
977,615,5,1,95.0,95.0
978,616,44,1,70.0,70.0
979,616,52,1,80.0,80.0
980,616,53,1,40.0,40.0
981,617,10,1,160.0,160.0
982,617,16,1,110.0,110.0
983,617,17,1,15.0,15.0
984,618,40,1,140.0,140.0
985,619,5,1,95.0,95.0
986,620,47,1,45.0,45.0
987,621,33,1,60.0,60.0
988,622,20,1,40.0,40.0
989,623,6,1,150.0,150.0
990,623,16,1,110.0,110.0
991,623,17,1,15.0,15.0
992,624,10,1,160.0,160.0
993,624,16,1,110.0,110.0
994,624,17,1,15.0,15.0
995,625,24,1,140.0,140.0
996,625,34,1,105.0,105.0
997,625,35,1,20.0,20.0
998,626,45,1,150.0,150.0
999,626,52,1,80.0,80.0
1000,626,53,1,40.0,40.0
1001,627,33,1,60.0,60.0
1002,628,38,1,50.0,50.0
1003,629,3,1,85.0,85.0
1004,630,13,1,90.0,90.0
1005,631,37,1,130.0,130.0
1006,632,13,1,90.0,90.0
1007,633,9,1,130.0,130.0
1008,633,16,1,110.0,110.0
1009,633,17,1,15.0,15.0
1010,634,48,1,60.0,60.0
1011,635,9,1,130.0,130.0
1012,635,16,1,110.0,110.0
1013,635,17,1,15.0,15.0
1014,636,20,1,40.0,40.0
1015,637,47,1,45.0,45.0
1016,638,41,1,100.0,100.0
1017,639,47,1,45.0,45.0
1018,640,47,1,45.0,45.0
1019,641,33,1,60.0,60.0
1020,642,3,1,85.0,85.0
1021,643,46,1,180.0,180.0
1022,643,52,1,80.0,80.0
1023,643,53,1,40.0,40.0
1024,644,28,1,170.0,170.0
1025,644,34,1,105.0,105.0
1026,644,35,1,20.0,20.0
1027,645,22,1,115.0,115.0
1028,646,7,1,30.0,30.0
1029,647,27,1,135.0,135.0
1030,648,31,1,95.0,95.0
1031,649,7,1,30.0,30.0
1032,650,37,1,130.0,130.0
1033,651,22,1,115.0,115.0
1034,652,29,1,35.0,35.0
1035,653,32,1,45.0,45.0
1036,654,4,1,110.0,110.0
1037,655,25,1,35.0,35.0
1038,655,34,1,105.0,105.0
1039,655,35,1,20.0,20.0
1040,656,41,1,100.0,100.0
1041,657,10,1,160.0,160.0
1042,657,16,1,110.0,110.0
1043,657,17,1,15.0,15.0
1044,658,8,1,60.0,60.0
1045,658,16,1,110.0,110.0
1046,658,17,1,15.0,15.0
1047,659,9,1,130.0,130.0
1048,659,16,1,110.0,110.0
1049,659,17,1,15.0,15.0
1050,660,44,1,70.0,70.0
1051,660,52,1,80.0,80.0
1052,660,53,1,40.0,40.0
1053,661,22,1,115.0,115.0
1054,662,48,1,60.0,60.0
1055,663,22,1,115.0,115.0
1056,664,1,1,120.0,120.0
1057,665,23,1,95.0,95.0
1058,666,3,1,85.0,85.0
1059,667,22,1,115.0,115.0
1060,668,41,1,100.0,100.0
1061,669,25,1,35.0,35.0
1062,669,34,1,105.0,105.0
1063,669,35,1,20.0,20.0
1064,670,9,1,130.0,130.0
1065,670,16,1,110.0,110.0
1066,670,17,1,15.0,15.0
1067,671,24,1,140.0,140.0
1068,671,34,1,105.0,105.0
1069,671,35,1,20.0,20.0
1070,672,43,1,45.0,45.0
1071,672,52,1,80.0,80.0
1072,672,53,1,40.0,40.0
1073,673,24,1,140.0,140.0
1074,673,34,1,105.0,105.0
1075,673,35,1,20.0,20.0
1076,674,51,1,65.0,65.0
1077,675,15,1,60.0,60.0
1078,676,31,1,95.0,95.0
1079,677,32,1,45.0,45.0
1080,678,46,1,180.0,180.0
1081,678,52,1,80.0,80.0
1082,678,53,1,40.0,40.0
1083,679,31,1,95.0,95.0
1084,680,32,1,45.0,45.0
1085,681,24,1,140.0,140.0
1086,681,34,1,105.0,105.0
1087,681,35,1,20.0,20.0
1088,682,49,1,75.0,75.0
1089,683,44,1,70.0,70.0
1090,683,52,1,80.0,80.0
1091,683,53,1,40.0,40.0
1092,684,9,1,130.0,130.0
1093,684,16,1,110.0,110.0
1094,684,17,1,15.0,15.0
1095,685,11,1,40.0,40.0
1096,686,13,1,90.0,90.0
1097,687,5,1,95.0,95.0
1098,688,15,1,60.0,60.0
1099,689,5,1,95.0,95.0
1100,690,5,1,95.0,95.0
1101,691,14,1,45.0,45.0
1102,692,27,1,135.0,135.0
1103,692,34,1,105.0,105.0
1104,692,35,1,20.0,20.0
1105,693,22,1,115.0,115.0
1106,694,42,1,120.0,120.0
1107,694,52,1,80.0,80.0
1108,694,53,1,40.0,40.0
1109,695,44,1,70.0,70.0
1110,695,52,1,80.0,80.0
1111,695,53,1,40.0,40.0
1112,696,9,1,130.0,130.0
1113,696,16,1,110.0,110.0
1114,696,17,1,15.0,15.0
1115,697,38,1,50.0,50.0
1116,698,31,1,95.0,95.0
1117,699,50,1,50.0,50.0
1118,700,3,1,85.0,85.0
1119,701,37,1,130.0,130.0
1120,702,3,1,85.0,85.0
1121,703,28,1,170.0,170.0
1122,703,34,1,105.0,105.0
1123,703,35,1,20.0,20.0
1124,704,46,1,180.0,180.0
1125,704,52,1,80.0,80.0
1126,704,53,1,40.0,40.0
1127,705,41,1,100.0,100.0
1128,706,11,1,40.0,40.0
1129,707,29,1,35.0,35.0
1130,708,19,1,105.0,105.0
1131,709,19,1,105.0,105.0
1132,710,7,1,30.0,30.0
1133,710,16,1,110.0,110.0
1134,710,17,1,15.0,15.0
1135,711,25,1,35.0,35.0
1136,711,34,1,105.0,105.0
1137,711,35,1,20.0,20.0
1138,712,42,1,120.0,120.0
1139,712,52,1,80.0,80.0
1140,712,53,1,40.0,40.0
1141,713,48,1,60.0,60.0
1142,714,8,1,60.0,60.0
1143,714,16,1,110.0,110.0
1144,714,17,1,15.0,15.0
1145,715,26,1,65.0,65.0
1146,715,34,1,105.0,105.0
1147,715,35,1,20.0,20.0
1148,716,7,1,30.0,30.0
1149,716,16,1,110.0,110.0
1150,716,17,1,15.0,15.0
1151,717,32,1,45.0,45.0
1152,718,24,1,140.0,140.0
1153,718,34,1,105.0,105.0
1154,718,35,1,20.0,20.0
1155,719,39,1,85.0,85.0
1156,720,20,1,40.0,40.0
1157,721,25,1,35.0,35.0
1158,721,34,1,105.0,105.0
1159,721,35,1,20.0,20.0
1160,722,47,1,45.0,45.0
1161,723,44,1,70.0,70.0
1162,723,52,1,80.0,80.0
1163,723,53,1,40.0,40.0
1164,724,44,1,70.0,70.0
1165,724,52,1,80.0,80.0
1166,724,53,1,40.0,40.0
1167,725,29,1,35.0,35.0
1168,726,47,1,45.0,45.0
1169,727,30,1,50.0,50.0
1170,728,43,1,45.0,45.0
1171,728,52,1,80.0,80.0
1172,728,53,1,40.0,40.0
1173,729,21,1,90.0,90.0
1174,730,42,1,120.0,120.0
1175,730,52,1,80.0,80.0
1176,730,53,1,40.0,40.0
1177,731,25,1,35.0,35.0
1178,731,34,1,105.0,105.0
1179,731,35,1,20.0,20.0
1180,732,40,1,140.0,140.0
1181,733,26,1,65.0,65.0
1182,733,34,1,105.0,105.0
1183,733,35,1,20.0,20.0
1184,734,48,1,60.0,60.0
1185,735,27,1,135.0,135.0
1186,735,34,1,105.0,105.0
1187,735,35,1,20.0,20.0
1188,736,45,1,150.0,150.0
1189,736,52,1,80.0,80.0
1190,736,53,1,40.0,40.0
1191,737,1,1,120.0,120.0
1192,738,47,1,45.0,45.0
1193,739,24,1,140.0,140.0
1194,739,34,1,105.0,105.0
1195,739,35,1,20.0,20.0
1196,740,27,1,135.0,135.0
1197,740,34,1,105.0,105.0
1198,740,35,1,20.0,20.0
1199,741,4,1,110.0,110.0
1200,742,28,1,170.0,170.0
1201,742,34,1,105.0,105.0
1202,742,35,1,20.0,20.0
1203,743,12,1,55.0,55.0
1204,744,33,1,60.0,60.0
1205,745,19,1,105.0,105.0
1206,746,13,1,90.0,90.0
1207,747,10,1,160.0,160.0
1208,747,16,1,110.0,110.0
1209,747,17,1,15.0,15.0
1210,748,28,1,170.0,170.0
1211,748,34,1,105.0,105.0
1212,748,35,1,20.0,20.0
1213,749,19,1,105.0,105.0
1214,750,22,1,115.0,115.0
1215,751,8,1,60.0,60.0
1216,751,16,1,110.0,110.0
1217,751,17,1,15.0,15.0
1218,752,42,1,120.0,120.0
1219,752,52,1,80.0,80.0
1220,752,53,1,40.0,40.0
1221,753,41,1,100.0,100.0
1222,754,29,1,35.0,35.0
1223,755,6,1,150.0,150.0
1224,755,16,1,110.0,110.0
1225,755,17,1,15.0,15.0
1226,756,46,1,180.0,180.0
1227,756,52,1,80.0,80.0
1228,756,53,1,40.0,40.0
1229,757,51,1,65.0,65.0
1230,758,1,1,120.0,120.0
1231,759,13,1,90.0,90.0
1232,760,27,1,135.0,135.0
1233,760,34,1,105.0,105.0
1234,760,35,1,20.0,20.0
1235,761,11,1,40.0,40.0
1236,762,51,1,65.0,65.0
1237,763,39,1,85.0,85.0
1238,764,2,1,45.0,45.0
1239,765,29,1,35.0,35.0
1240,766,42,1,120.0,120.0
1241,766,52,1,80.0,80.0
1242,766,53,1,40.0,40.0
1243,767,3,1,85.0,85.0
1244,768,13,1,90.0,90.0
1245,769,32,1,45.0,45.0
1246,770,21,1,90.0,90.0
1247,771,22,1,115.0,115.0
1248,772,6,1,150.0,150.0
1249,772,16,1,110.0,110.0
1250,772,17,1,15.0,15.0
1251,773,6,1,150.0,150.0
1252,773,16,1,110.0,110.0
1253,773,17,1,15.0,15.0
1254,774,4,1,110.0,110.0
1255,775,3,1,85.0,85.0
1256,776,28,1,170.0,170.0
1257,776,34,1,105.0,105.0
1258,776,35,1,20.0,20.0
1259,777,31,1,95.0,95.0
1260,778,14,1,45.0,45.0
1261,779,38,1,50.0,50.0
1262,780,47,1,45.0,45.0
1263,781,8,1,60.0,60.0
1264,781,16,1,110.0,110.0
1265,781,17,1,15.0,15.0
1266,782,20,1,40.0,40.0
1267,783,12,1,55.0,55.0
1268,784,9,1,130.0,130.0
1269,784,16,1,110.0,110.0
1270,784,17,1,15.0,15.0
1271,785,5,1,95.0,95.0
1272,786,43,1,45.0,45.0
1273,786,52,1,80.0,80.0
1274,786,53,1,40.0,40.0
1275,787,28,1,170.0,170.0
1276,787,34,1,105.0,105.0
1277,787,35,1,20.0,20.0
1278,788,39,1,85.0,85.0
1279,789,41,1,100.0,100.0
1280,790,41,1,100.0,100.0
1281,791,3,1,85.0,85.0
1282,792,45,1,150.0,150.0
1283,792,52,1,80.0,80.0
1284,792,53,1,40.0,40.0
1285,793,27,1,135.0,135.0
1286,793,34,1,105.0,105.0
1287,793,35,1,20.0,20.0
1288,794,41,1,100.0,100.0
1289,795,9,1,130.0,130.0
1290,796,37,1,130.0,130.0
1291,797,38,1,50.0,50.0
1292,798,15,1,60.0,60.0
1293,799,22,1,115.0,115.0
1294,800,8,1,60.0,60.0
1295,800,16,1,110.0,110.0
1296,800,17,1,15.0,15.0
1297,801,44,1,70.0,70.0
1298,801,52,1,80.0,80.0
1299,801,53,1,40.0,40.0
1300,802,37,1,130.0,130.0
1301,803,32,1,45.0,45.0
1302,804,38,1,50.0,50.0
1303,805,12,1,55.0,55.0
1304,806,50,1,50.0,50.0
1305,807,25,1,35.0,35.0
1306,807,34,1,105.0,105.0
1307,807,35,1,20.0,20.0
1308,808,20,1,40.0,40.0
1309,809,27,1,135.0,135.0
1310,809,34,1,105.0,105.0
1311,809,35,1,20.0,20.0
1312,810,6,1,150.0,150.0
1313,810,16,1,110.0,110.0
1314,810,17,1,15.0,15.0
1315,811,51,1,65.0,65.0
1316,812,47,1,45.0,45.0
1317,813,42,1,120.0,120.0
1318,813,52,1,80.0,80.0
1319,813,53,1,40.0,40.0
1320,814,14,1,45.0,45.0
1321,815,47,1,45.0,45.0
1322,816,31,1,95.0,95.0
1323,817,25,1,35.0,35.0
1324,817,34,1,105.0,105.0
1325,817,35,1,20.0,20.0
1326,818,32,1,45.0,45.0
1327,819,1,1,120.0,120.0
1328,820,46,1,180.0,180.0
1329,820,52,1,80.0,80.0
1330,820,53,1,40.0,40.0
1331,821,32,1,45.0,45.0
1332,822,2,1,45.0,45.0
1333,823,44,1,70.0,70.0
1334,823,52,1,80.0,80.0
1335,823,53,1,40.0,40.0
1336,824,26,1,65.0,65.0
1337,824,34,1,105.0,105.0
1338,824,35,1,20.0,20.0
1339,825,30,1,50.0,50.0
1340,826,48,1,60.0,60.0
1341,827,20,1,40.0,40.0
1342,828,15,1,60.0,60.0
1343,829,3,1,85.0,85.0
1344,830,27,1,135.0,135.0
1345,830,34,1,105.0,105.0
1346,830,35,1,20.0,20.0
1347,831,48,1,60.0,60.0
1348,832,37,1,130.0,130.0
1349,833,24,1,140.0,140.0
1350,833,34,1,105.0,105.0
1351,833,35,1,20.0,20.0
1352,834,38,1,50.0,50.0
1353,835,37,1,130.0,130.0
1354,836,39,1,85.0,85.0
1355,837,46,1,180.0,180.0
1356,837,52,1,80.0,80.0
1357,837,53,1,40.0,40.0
1358,838,31,1,95.0,95.0
1359,839,14,1,45.0,45.0
1360,840,45,1,150.0,150.0
1361,840,52,1,80.0,80.0
1362,840,53,1,40.0,40.0
1363,841,6,1,150.0,150.0
1364,841,16,1,110.0,110.0
1365,841,17,1,15.0,15.0
1366,842,1,1,120.0,120.0
1367,843,2,1,45.0,45.0
1368,844,8,1,60.0,60.0
1369,844,16,1,110.0,110.0
1370,844,17,1,15.0,15.0
1371,845,7,1,30.0,30.0
1372,845,16,1,110.0,110.0
1373,845,17,1,15.0,15.0
1374,846,20,1,40.0,40.0
1375,847,26,1,65.0,65.0
1376,847,34,1,105.0,105.0
1377,847,35,1,20.0,20.0
1378,848,42,1,120.0,120.0
1379,848,52,1,80.0,80.0
1380,848,53,1,40.0,40.0
1381,849,47,1,45.0,45.0
1382,850,13,1,90.0,90.0
1383,851,22,1,115.0,115.0
1384,852,8,1,60.0,60.0
1385,852,16,1,110.0,110.0
1386,852,17,1,15.0,15.0
1387,853,39,1,85.0,85.0
1388,854,43,1,45.0,45.0
1389,854,52,1,80.0,80.0
1390,854,53,1,40.0,40.0
1391,855,46,1,180.0,180.0
1392,855,52,1,80.0,80.0
1393,855,53,1,40.0,40.0
1394,856,31,1,95.0,95.0
1395,857,49,1,75.0,75.0
1396,858,40,1,140.0,140.0
1397,859,14,1,45.0,45.0
1398,860,22,1,115.0,115.0
1399,861,22,1,115.0,115.0
1400,862,11,1,40.0,40.0
1401,863,50,1,50.0,50.0
1402,864,24,1,140.0,140.0
1403,864,34,1,105.0,105.0
1404,864,35,1,20.0,20.0
1405,865,19,1,105.0,105.0
1406,866,48,1,60.0,60.0
1407,867,20,1,40.0,40.0
1408,868,23,1,95.0,95.0
1409,869,21,1,90.0,90.0
1410,870,2,1,45.0,45.0
1411,871,37,1,130.0,130.0
1412,872,19,1,105.0,105.0
1413,873,4,1,110.0,110.0
1414,874,9,1,130.0,130.0
1415,874,16,1,110.0,110.0
1416,874,17,1,15.0,15.0
1417,875,10,1,160.0,160.0
1418,875,16,1,110.0,110.0
1419,875,17,1,15.0,15.0
1420,876,39,1,85.0,85.0
1421,877,42,1,120.0,120.0
1422,878,38,1,50.0,50.0
1423,879,42,1,120.0,120.0
1424,880,3,1,85.0,85.0
1425,881,46,1,180.0,180.0
1426,881,52,1,80.0,80.0
1427,881,53,1,40.0,40.0
1428,882,25,1,35.0,35.0
1429,882,34,1,105.0,105.0
1430,882,35,1,20.0,20.0
1431,883,32,1,45.0,45.0
1432,884,37,1,130.0,130.0
1433,885,1,1,120.0,120.0
1434,886,24,1,140.0,140.0
1435,886,34,1,105.0,105.0
1436,886,35,1,20.0,20.0
1437,887,10,1,160.0,160.0
1438,887,16,1,110.0,110.0
1439,887,17,1,15.0,15.0
1440,888,33,1,60.0,60.0
1441,889,8,1,60.0,60.0
1442,889,16,1,110.0,110.0
1443,889,17,1,15.0,15.0
1444,890,19,1,105.0,105.0
1445,891,27,1,135.0,135.0
1446,891,34,1,105.0,105.0
1447,891,35,1,20.0,20.0
1448,892,29,1,35.0,35.0
1449,893,21,1,90.0,90.0
1450,894,9,1,130.0,130.0
1451,894,16,1,110.0,110.0
1452,894,17,1,15.0,15.0
1453,895,13,1,90.0,90.0
1454,896,12,1,55.0,55.0
1455,897,3,1,85.0,85.0
1456,898,22,1,115.0,115.0
1457,899,8,1,60.0,60.0
1458,899,16,1,110.0,110.0
1459,899,17,1,15.0,15.0
1460,900,7,1,30.0,30.0
1461,900,16,1,110.0,110.0
1462,900,17,1,15.0,15.0
1463,901,38,1,50.0,50.0
1464,902,14,1,45.0,45.0
1465,903,46,1,180.0,180.0
1466,903,52,1,80.0,80.0
1467,903,53,1,40.0,40.0
1468,904,33,1,60.0,60.0
1469,905,37,1,130.0,130.0
1470,906,25,1,35.0,35.0
1471,906,34,1,105.0,105.0
1472,906,35,1,20.0,20.0
1473,907,39,1,85.0,85.0
1474,908,19,1,105.0,105.0
1475,909,21,1,90.0,90.0
1476,910,47,1,45.0,45.0
1477,911,2,1,45.0,45.0
1478,912,4,1,110.0,110.0
1479,913,25,1,35.0,35.0
1480,913,34,1,105.0,105.0
1481,913,35,1,20.0,20.0
1482,914,31,1,95.0,95.0
1483,915,31,1,95.0,95.0
1484,916,6,1,150.0,150.0
1485,916,16,1,110.0,110.0
1486,916,17,1,15.0,15.0
1487,917,3,1,85.0,85.0
1488,918,5,1,95.0,95.0
1489,919,31,1,95.0,95.0
1490,920,50,1,50.0,50.0
1491,921,39,1,85.0,85.0
1492,922,46,1,180.0,180.0
1493,922,52,1,80.0,80.0
1494,922,53,1,40.0,40.0
1495,923,40,1,140.0,140.0
1496,924,10,1,160.0,160.0
1497,924,16,1,110.0,110.0
1498,924,17,1,15.0,15.0
1499,925,28,1,170.0,170.0
1500,926,9,1,130.0,130.0
1501,926,16,1,110.0,110.0
1502,926,17,1,15.0,15.0
1503,927,14,1,45.0,45.0
1504,928,7,1,30.0,30.0
1505,928,16,1,110.0,110.0
1506,928,17,1,15.0,15.0
1507,929,25,1,35.0,35.0
1508,929,34,1,105.0,105.0
1509,929,35,1,20.0,20.0
1510,930,14,1,45.0,45.0
1511,931,40,1,140.0,140.0
1512,932,50,1,50.0,50.0
1513,933,31,1,95.0,95.0
1514,934,27,1,135.0,135.0
1515,934,34,1,105.0,105.0
1516,934,35,1,20.0,20.0
1517,935,12,1,55.0,55.0
1518,936,46,1,180.0,180.0
1519,936,52,1,80.0,80.0
1520,936,53,1,40.0,40.0
1521,937,7,1,30.0,30.0
1522,937,16,1,110.0,110.0
1523,937,17,1,15.0,15.0
1524,938,13,1,90.0,90.0
1525,939,7,1,30.0,30.0
1526,939,16,1,110.0,110.0
1527,939,17,1,15.0,15.0
1528,940,40,1,140.0,140.0
1529,941,7,1,30.0,30.0
1530,941,16,1,110.0,110.0
1531,941,17,1,15.0,15.0
1532,942,48,1,60.0,60.0
1533,943,38,1,50.0,50.0
1534,944,32,1,45.0,45.0
1535,945,6,1,150.0,150.0
1536,945,16,1,110.0,110.0
1537,945,17,1,15.0,15.0
1538,946,33,1,60.0,60.0
1539,947,8,1,60.0,60.0
1540,947,16,1,110.0,110.0
1541,947,17,1,15.0,15.0
1542,948,24,1,140.0,140.0
1543,948,34,1,105.0,105.0
1544,948,35,1,20.0,20.0
1545,949,22,1,115.0,115.0
1546,950,27,1,135.0,135.0
1547,950,34,1,105.0,105.0
1548,950,35,1,20.0,20.0
1549,951,27,1,135.0,135.0
1550,951,34,1,105.0,105.0
1551,951,35,1,20.0,20.0
1552,952,5,1,95.0,95.0
1553,953,22,1,115.0,115.0
1554,954,1,1,120.0,120.0
1555,955,39,1,85.0,85.0
1556,956,4,1,110.0,110.0
1557,957,4,1,110.0,110.0
1558,958,5,1,95.0,95.0
1559,959,39,1,85.0,85.0
1560,960,40,1,140.0,140.0
1561,961,6,1,150.0,150.0
1562,961,16,1,110.0,110.0
1563,961,17,1,15.0,15.0
1564,962,1,1,120.0,120.0
1565,963,39,1,85.0,85.0
1566,964,43,1,45.0,45.0
1567,964,52,1,80.0,80.0
1568,964,53,1,40.0,40.0
1569,965,23,1,95.0,95.0
1570,966,14,1,45.0,45.0
1571,967,3,1,85.0,85.0
1572,968,50,1,50.0,50.0
1573,969,4,1,110.0,110.0
1574,970,31,1,95.0,95.0
1575,971,4,1,110.0,110.0
1576,972,49,1,75.0,75.0
1577,973,21,1,90.0,90.0
1578,974,3,1,85.0,85.0
1579,975,38,1,50.0,50.0
1580,976,44,1,70.0,70.0
1581,976,52,1,80.0,80.0
1582,976,53,1,40.0,40.0
1583,977,29,1,35.0,35.0
1584,978,46,1,180.0,180.0
1585,979,21,1,90.0,90.0
1586,980,11,1,40.0,40.0
1587,981,4,1,110.0,110.0
1588,982,4,1,110.0,110.0
1589,983,12,1,55.0,55.0
1590,984,42,1,120.0,120.0
1591,984,52,1,80.0,80.0
1592,984,53,1,40.0,40.0
1593,985,4,1,110.0,110.0
1594,986,41,1,100.0,100.0
1595,987,20,1,40.0,40.0
1596,988,47,1,45.0,45.0
1597,989,47,1,45.0,45.0
1598,990,33,1,60.0,60.0
1599,991,29,1,35.0,35.0
1600,992,11,1,40.0,40.0
1601,993,37,1,130.0,130.0
1602,994,23,1,95.0,95.0
1603,995,44,1,70.0,70.0
1604,995,52,1,80.0,80.0
1605,995,53,1,40.0,40.0
1606,996,27,1,135.0,135.0
1607,997,45,1,150.0,150.0
1608,997,52,1,80.0,80.0
1609,997,53,1,40.0,40.0
1610,998,26,1,65.0,65.0
1611,998,34,1,105.0,105.0
1612,998,35,1,20.0,20.0
1613,999,23,1,95.0,95.0
1614,1000,2,1,45.0,45.0
1615,1001,33,1,60.0,60.0
1616,1002,10,1,160.0,160.0
1617,1002,16,1,110.0,110.0
1618,1002,17,1,15.0,15.0
1619,1003,46,1,180.0,180.0
1620,1003,52,1,80.0,80.0
1621,1003,53,1,40.0,40.0
1622,1004,7,1,30.0,30.0
1623,1004,16,1,110.0,110.0
1624,1004,17,1,15.0,15.0
1625,1005,31,1,95.0,95.0
1626,1006,22,1,115.0,115.0
1627,1007,49,1,75.0,75.0
1628,1008,2,1,45.0,45.0
1629,1009,47,1,45.0,45.0
1630,1010,45,1,150.0,150.0
1631,1010,52,1,80.0,80.0
1632,1010,53,1,40.0,40.0
1633,1011,15,1,60.0,60.0
1634,1012,48,1,60.0,60.0
1635,1013,39,1,85.0,85.0
1636,1014,21,1,90.0,90.0
1637,1015,39,1,85.0,85.0
1638,1016,40,1,140.0,140.0
1639,1017,15,1,60.0,60.0
1640,1018,1,1,120.0,120.0
1641,1019,37,1,130.0,130.0
1642,1020,6,1,150.0,150.0
1643,1020,16,1,110.0,110.0
1644,1020,17,1,15.0,15.0
1645,1021,1,1,120.0,120.0
1646,1022,10,1,160.0,160.0
1647,1023,22,1,115.0,115.0
1648,1024,39,1,85.0,85.0
1649,1025,50,1,50.0,50.0
1650,1026,8,1,60.0,60.0
1651,1027,41,1,100.0,100.0
1652,1028,25,1,35.0,35.0
1653,1028,34,1,105.0,105.0
1654,1028,35,1,20.0,20.0
1655,1029,47,1,45.0,45.0
1656,1030,51,1,65.0,65.0
1657,1031,24,1,140.0,140.0
1658,1031,34,1,105.0,105.0
1659,1031,35,1,20.0,20.0
1660,1032,39,1,85.0,85.0
1661,1033,46,1,180.0,180.0
1662,1033,52,1,80.0,80.0
1663,1033,53,1,40.0,40.0
1664,1034,28,1,170.0,170.0
1665,1034,34,1,105.0,105.0
1666,1034,35,1,20.0,20.0
1667,1035,31,1,95.0,95.0
1668,1036,15,1,60.0,60.0
1669,1037,8,1,60.0,60.0
1670,1037,16,1,110.0,110.0
1671,1037,17,1,15.0,15.0
1672,1038,24,1,140.0,140.0
1673,1038,34,1,105.0,105.0
1674,1038,35,1,20.0,20.0
1675,1039,43,1,45.0,45.0
1676,1039,52,1,80.0,80.0
1677,1039,53,1,40.0,40.0
1678,1040,50,1,50.0,50.0
1679,1041,28,1,170.0,170.0
1680,1041,34,1,105.0,105.0
1681,1041,35,1,20.0,20.0
1682,1042,24,1,140.0,140.0
1683,1042,34,1,105.0,105.0
1684,1042,35,1,20.0,20.0
1685,1043,27,1,135.0,135.0
1686,1043,34,1,105.0,105.0
1687,1043,35,1,20.0,20.0
1688,1044,26,1,65.0,65.0
1689,1044,34,1,105.0,105.0
1690,1044,35,1,20.0,20.0
1691,1045,25,1,35.0,35.0
1692,1046,13,1,90.0,90.0
1693,1047,5,1,95.0,95.0
1694,1048,28,1,170.0,170.0
1695,1048,34,1,105.0,105.0
1696,1048,35,1,20.0,20.0
1697,1049,21,1,90.0,90.0
1698,1050,25,1,35.0,35.0
1699,1050,34,1,105.0,105.0
1700,1050,35,1,20.0,20.0
1701,1051,46,1,180.0,180.0
1702,1051,52,1,80.0,80.0
1703,1051,53,1,40.0,40.0
1704,1052,26,1,65.0,65.0
1705,1052,34,1,105.0,105.0
1706,1052,35,1,20.0,20.0
1707,1053,30,1,50.0,50.0
1708,1054,11,1,40.0,40.0
1709,1055,4,1,110.0,110.0
1710,1056,38,1,50.0,50.0
1711,1057,30,1,50.0,50.0
1712,1058,6,1,150.0,150.0
1713,1058,16,1,110.0,110.0
1714,1058,17,1,15.0,15.0
1715,1059,41,1,100.0,100.0
1716,1060,9,1,130.0,130.0
1717,1060,16,1,110.0,110.0
1718,1060,17,1,15.0,15.0
1719,1061,51,1,65.0,65.0
1720,1062,43,1,45.0,45.0
1721,1062,52,1,80.0,80.0
1722,1062,53,1,40.0,40.0
1723,1063,15,1,60.0,60.0
1724,1064,49,1,75.0,75.0
1725,1065,50,1,50.0,50.0
1726,1066,39,1,85.0,85.0
1727,1067,29,1,35.0,35.0
1728,1068,50,1,50.0,50.0
1729,1069,21,1,90.0,90.0
1730,1070,20,1,40.0,40.0
1731,1071,39,1,85.0,85.0
1732,1072,20,1,40.0,40.0
1733,1073,44,1,70.0,70.0
1734,1073,52,1,80.0,80.0
1735,1073,53,1,40.0,40.0
1736,1074,44,1,70.0,70.0
1737,1075,26,1,65.0,65.0
1738,1076,24,1,140.0,140.0
1739,1076,34,1,105.0,105.0
1740,1076,35,1,20.0,20.0
1741,1077,21,1,90.0,90.0
1742,1078,13,1,90.0,90.0
1743,1079,19,1,105.0,105.0
1744,1080,48,1,60.0,60.0
1745,1081,8,1,60.0,60.0
1746,1081,16,1,110.0,110.0
1747,1081,17,1,15.0,15.0
1748,1082,33,1,60.0,60.0
1749,1083,45,1,150.0,150.0
1750,1083,52,1,80.0,80.0
1751,1083,53,1,40.0,40.0
1752,1084,31,1,95.0,95.0
1753,1085,23,1,95.0,95.0
1754,1086,32,1,45.0,45.0
1755,1087,14,1,45.0,45.0
1756,1088,5,1,95.0,95.0
1757,1089,49,1,75.0,75.0
1758,1090,29,1,35.0,35.0
1759,1091,33,1,60.0,60.0
1760,1092,30,1,50.0,50.0
1761,1093,12,1,55.0,55.0
1762,1094,30,1,50.0,50.0
1763,1095,28,1,170.0,170.0
1764,1096,37,1,130.0,130.0
1765,1097,21,1,90.0,90.0
1766,1098,28,1,170.0,170.0
1767,1098,34,1,105.0,105.0
1768,1098,35,1,20.0,20.0
1769,1099,11,1,40.0,40.0
1770,1100,8,1,60.0,60.0
1771,1100,16,1,110.0,110.0
1772,1100,17,1,15.0,15.0
1773,1101,25,1,35.0,35.0
1774,1101,34,1,105.0,105.0
1775,1101,35,1,20.0,20.0
1776,1102,15,1,60.0,60.0
1777,1103,11,1,40.0,40.0
1778,1104,20,1,40.0,40.0
1779,1105,25,1,35.0,35.0
1780,1106,27,1,135.0,135.0
1781,1107,30,1,50.0,50.0
1782,1108,3,1,85.0,85.0
1783,1109,49,1,75.0,75.0
1784,1110,8,1,60.0,60.0
1785,1110,16,1,110.0,110.0
1786,1110,17,1,15.0,15.0
1787,1111,51,1,65.0,65.0
1788,1112,42,1,120.0,120.0
1789,1112,52,1,80.0,80.0
1790,1112,53,1,40.0,40.0
1791,1113,38,1,50.0,50.0
1792,1114,21,1,90.0,90.0
1793,1115,48,1,60.0,60.0
1794,1116,28,1,170.0,170.0
1795,1116,34,1,105.0,105.0
1796,1116,35,1,20.0,20.0
1797,1117,10,1,160.0,160.0
1798,1118,50,1,50.0,50.0
1799,1119,21,1,90.0,90.0
1800,1120,51,1,65.0,65.0
1801,1121,20,1,40.0,40.0
1802,1122,11,1,40.0,40.0
1803,1123,3,1,85.0,85.0
1804,1124,20,1,40.0,40.0
1805,1125,38,1,50.0,50.0
1806,1126,44,1,70.0,70.0
1807,1127,41,1,100.0,100.0
1808,1128,46,1,180.0,180.0
1809,1128,52,1,80.0,80.0
1810,1128,53,1,40.0,40.0
1811,1129,12,1,55.0,55.0
1812,1130,2,1,45.0,45.0
1813,1131,22,1,115.0,115.0
1814,1132,2,1,45.0,45.0
1815,1133,11,1,40.0,40.0
1816,1134,50,1,50.0,50.0
1817,1135,50,1,50.0,50.0
1818,1136,43,1,45.0,45.0
1819,1136,52,1,80.0,80.0
1820,1136,53,1,40.0,40.0
1821,1137,10,1,160.0,160.0
1822,1137,16,1,110.0,110.0
1823,1137,17,1,15.0,15.0
1824,1138,6,1,150.0,150.0
1825,1138,16,1,110.0,110.0
1826,1138,17,1,15.0,15.0
1827,1139,33,1,60.0,60.0
1828,1140,25,1,35.0,35.0
1829,1140,34,1,105.0,105.0
1830,1140,35,1,20.0,20.0
1831,1141,23,1,95.0,95.0
1832,1142,4,1,110.0,110.0
1833,1143,37,1,130.0,130.0
1834,1144,39,1,85.0,85.0
1835,1145,27,1,135.0,135.0
1836,1145,34,1,105.0,105.0
1837,1145,35,1,20.0,20.0
1838,1146,7,1,30.0,30.0
1839,1146,16,1,110.0,110.0
1840,1146,17,1,15.0,15.0
1841,1147,13,1,90.0,90.0
1842,1148,46,1,180.0,180.0
1843,1148,52,1,80.0,80.0
1844,1148,53,1,40.0,40.0
1845,1149,29,1,35.0,35.0
1846,1150,15,1,60.0,60.0
1847,1151,24,1,140.0,140.0
1848,1151,34,1,105.0,105.0
1849,1151,35,1,20.0,20.0
1850,1152,24,1,140.0,140.0
1851,1152,34,1,105.0,105.0
1852,1152,35,1,20.0,20.0
1853,1153,4,1,110.0,110.0
1854,1154,6,1,150.0,150.0
1855,1154,16,1,110.0,110.0
1856,1154,17,1,15.0,15.0
1857,1155,28,1,170.0,170.0
1858,1155,34,1,105.0,105.0
1859,1155,35,1,20.0,20.0
1860,1156,28,1,170.0,170.0
1861,1156,34,1,105.0,105.0
1862,1156,35,1,20.0,20.0
1863,1157,40,1,140.0,140.0
1864,1158,27,1,135.0,135.0
1865,1158,34,1,105.0,105.0
1866,1158,35,1,20.0,20.0
1867,1159,4,1,110.0,110.0
1868,1160,31,1,95.0,95.0
1869,1161,39,1,85.0,85.0
1870,1162,41,1,100.0,100.0
1871,1163,37,1,130.0,130.0
1872,1164,8,1,60.0,60.0
1873,1164,16,1,110.0,110.0
1874,1164,17,1,15.0,15.0
1875,1165,14,1,45.0,45.0
1876,1166,30,1,50.0,50.0
1877,1167,4,1,110.0,110.0
1878,1168,28,1,170.0,170.0
1879,1168,34,1,105.0,105.0
1880,1168,35,1,20.0,20.0
1881,1169,22,1,115.0,115.0
1882,1170,21,1,90.0,90.0
1883,1171,48,1,60.0,60.0
1884,1172,4,1,110.0,110.0
1885,1173,5,1,95.0,95.0
1886,1174,29,1,35.0,35.0
1887,1175,22,1,115.0,115.0
1888,1176,37,1,130.0,130.0
1889,1177,33,1,60.0,60.0
1890,1178,29,1,35.0,35.0
1891,1179,32,1,45.0,45.0
1892,1180,24,1,140.0,140.0
1893,1180,34,1,105.0,105.0
1894,1180,35,1,20.0,20.0
1895,1181,25,1,35.0,35.0
1896,1181,34,1,105.0,105.0
1897,1181,35,1,20.0,20.0
1898,1182,24,1,140.0,140.0
1899,1182,34,1,105.0,105.0
1900,1182,35,1,20.0,20.0
1901,1183,40,1,140.0,140.0
1902,1184,43,1,45.0,45.0
1903,1184,52,1,80.0,80.0
1904,1184,53,1,40.0,40.0
1905,1185,7,1,30.0,30.0
1906,1185,16,1,110.0,110.0
1907,1185,17,1,15.0,15.0
1908,1186,50,1,50.0,50.0
1909,1187,43,1,45.0,45.0
1910,1187,52,1,80.0,80.0
1911,1187,53,1,40.0,40.0
1912,1188,26,1,65.0,65.0
1913,1188,34,1,105.0,105.0
1914,1188,35,1,20.0,20.0
1915,1189,20,1,40.0,40.0
1916,1190,15,1,60.0,60.0
1917,1191,20,1,40.0,40.0
1918,1192,20,1,40.0,40.0
1919,1193,5,1,95.0,95.0
1920,1194,22,1,115.0,115.0
1921,1195,39,1,85.0,85.0
1922,1196,2,1,45.0,45.0
1923,1197,21,1,90.0,90.0
1924,1198,3,1,85.0,85.0
1925,1199,33,1,60.0,60.0
1926,1200,10,1,160.0,160.0
1927,1200,16,1,110.0,110.0
1928,1200,17,1,15.0,15.0
1929,1201,23,1,95.0,95.0
1930,1202,15,1,60.0,60.0
1931,1203,4,1,110.0,110.0
1932,1204,48,1,60.0,60.0
1933,1205,38,1,50.0,50.0
1934,1206,37,1,130.0,130.0
1935,1207,2,1,45.0,45.0
1936,1208,44,1,70.0,70.0
1937,1208,52,1,80.0,80.0
1938,1208,53,1,40.0,40.0
1939,1209,50,1,50.0,50.0
1940,1210,7,1,30.0,30.0
1941,1210,16,1,110.0,110.0
1942,1210,17,1,15.0,15.0
1943,1211,50,1,50.0,50.0
1944,1212,9,1,130.0,130.0
1945,1212,16,1,110.0,110.0
1946,1212,17,1,15.0,15.0
1947,1213,2,1,45.0,45.0
1948,1214,38,1,50.0,50.0
1949,1215,50,1,50.0,50.0
1950,1216,48,1,60.0,60.0
1951,1217,48,1,60.0,60.0
1952,1218,11,1,40.0,40.0
1953,1219,14,1,45.0,45.0
1954,1220,43,1,45.0,45.0
1955,1221,14,1,45.0,45.0
1956,1222,45,1,150.0,150.0
1957,1222,52,1,80.0,80.0
1958,1222,53,1,40.0,40.0
1959,1223,46,1,180.0,180.0
1960,1223,52,1,80.0,80.0
1961,1223,53,1,40.0,40.0
1962,1224,42,1,120.0,120.0
1963,1224,52,1,80.0,80.0
1964,1224,53,1,40.0,40.0
1965,1225,38,1,50.0,50.0
1966,1226,28,1,170.0,170.0
1967,1226,34,1,105.0,105.0
1968,1226,35,1,20.0,20.0
1969,1227,23,1,95.0,95.0
1970,1228,5,1,95.0,95.0
1971,1229,10,1,160.0,160.0
1972,1229,16,1,110.0,110.0
1973,1229,17,1,15.0,15.0
1974,1230,9,1,130.0,130.0
1975,1230,16,1,110.0,110.0
1976,1230,17,1,15.0,15.0
1977,1231,21,1,90.0,90.0
1978,1232,29,1,35.0,35.0
1979,1233,40,1,140.0,140.0
1980,1234,19,1,105.0,105.0
1981,1235,6,1,150.0,150.0
1982,1235,16,1,110.0,110.0
1983,1235,17,1,15.0,15.0
1984,1236,10,1,160.0,160.0
1985,1236,16,1,110.0,110.0
1986,1236,17,1,15.0,15.0
1987,1237,46,1,180.0,180.0
1988,1237,52,1,80.0,80.0
1989,1237,53,1,40.0,40.0
1990,1238,13,1,90.0,90.0
1991,1239,15,1,60.0,60.0
1992,1240,39,1,85.0,85.0
1993,1241,2,1,45.0,45.0
1994,1242,43,1,45.0,45.0
1995,1242,52,1,80.0,80.0
1996,1242,53,1,40.0,40.0
1997,1243,51,1,65.0,65.0
1998,1244,22,1,115.0,115.0
1999,1245,5,1,95.0,95.0
2000,1246,20,1,40.0,40.0
2001,1247,19,1,105.0,105.0
2002,1248,40,1,140.0,140.0
2003,1249,10,1,160.0,160.0
2004,1249,16,1,110.0,110.0
2005,1249,17,1,15.0,15.0
2006,1250,2,1,45.0,45.0
2007,1251,48,1,60.0,60.0
2008,1252,25,1,35.0,35.0
2009,1253,50,1,50.0,50.0
2010,1254,19,1,105.0,105.0
2011,1255,51,1,65.0,65.0
2012,1256,22,1,115.0,115.0
2013,1257,22,1,115.0,115.0
2014,1258,4,1,110.0,110.0
2015,1259,14,1,45.0,45.0
2016,1260,40,1,140.0,140.0
2017,1261,13,1,90.0,90.0
2018,1262,48,1,60.0,60.0
2019,1263,9,1,130.0,130.0
2020,1263,16,1,110.0,110.0
2021,1263,17,1,15.0,15.0
2022,1264,21,1,90.0,90.0
2023,1265,21,1,90.0,90.0
2024,1266,5,1,95.0,95.0
2025,1267,29,1,35.0,35.0
2026,1268,30,1,50.0,50.0
2027,1269,40,1,140.0,140.0
2028,1270,42,1,120.0,120.0
2029,1270,52,1,80.0,80.0
2030,1270,53,1,40.0,40.0
2031,1271,10,1,160.0,160.0
2032,1271,16,1,110.0,110.0
2033,1271,17,1,15.0,15.0
2034,1272,2,1,45.0,45.0
2035,1273,14,1,45.0,45.0
2036,1274,45,1,150.0,150.0
2037,1274,52,1,80.0,80.0
2038,1274,53,1,40.0,40.0
2039,1275,6,1,150.0,150.0
2040,1275,16,1,110.0,110.0
2041,1275,17,1,15.0,15.0
2042,1276,1,1,120.0,120.0
2043,1277,26,1,65.0,65.0
2044,1277,34,1,105.0,105.0
2045,1277,35,1,20.0,20.0
2046,1278,43,1,45.0,45.0
2047,1278,52,1,80.0,80.0
2048,1278,53,1,40.0,40.0
2049,1279,46,1,180.0,180.0
2050,1279,52,1,80.0,80.0
2051,1279,53,1,40.0,40.0
2052,1280,48,1,60.0,60.0
2053,1281,3,1,85.0,85.0
2054,1282,2,1,45.0,45.0
2055,1283,10,1,160.0,160.0
2056,1283,16,1,110.0,110.0
2057,1283,17,1,15.0,15.0
2058,1284,15,1,60.0,60.0
2059,1285,26,1,65.0,65.0
2060,1285,34,1,105.0,105.0
2061,1285,35,1,20.0,20.0
2062,1286,40,1,140.0,140.0
2063,1287,40,1,140.0,140.0
2064,1288,21,1,90.0,90.0
2065,1289,41,1,100.0,100.0
2066,1290,3,1,85.0,85.0
2067,1291,46,1,180.0,180.0
2068,1292,8,1,60.0,60.0
2069,1292,16,1,110.0,110.0
2070,1292,17,1,15.0,15.0
2071,1293,27,1,135.0,135.0
2072,1293,34,1,105.0,105.0
2073,1293,35,1,20.0,20.0
2074,1294,12,1,55.0,55.0
2075,1295,38,1,50.0,50.0
2076,1296,42,1,120.0,120.0
2077,1296,52,1,80.0,80.0
2078,1296,53,1,40.0,40.0
2079,1297,44,1,70.0,70.0
2080,1297,52,1,80.0,80.0
2081,1297,53,1,40.0,40.0
2082,1298,40,1,140.0,140.0
2083,1299,4,1,110.0,110.0
2084,1300,9,1,130.0,130.0
2085,1300,16,1,110.0,110.0
2086,1300,17,1,15.0,15.0
2087,1301,48,1,60.0,60.0
2088,1302,23,1,95.0,95.0
2089,1303,28,1,170.0,170.0
2090,1303,34,1,105.0,105.0
2091,1303,35,1,20.0,20.0
2092,1304,14,1,45.0,45.0
2093,1305,48,1,60.0,60.0
2094,1306,49,1,75.0,75.0
2095,1307,24,1,140.0,140.0
2096,1307,34,1,105.0,105.0
2097,1307,35,1,20.0,20.0
2098,1308,10,1,160.0,160.0
2099,1308,16,1,110.0,110.0
2100,1308,17,1,15.0,15.0
2101,1309,23,1,95.0,95.0
2102,1310,27,1,135.0,135.0
2103,1310,34,1,105.0,105.0
2104,1310,35,1,20.0,20.0
2105,1311,15,1,60.0,60.0
2106,1312,19,1,105.0,105.0
2107,1313,5,1,95.0,95.0
2108,1314,15,1,60.0,60.0
2109,1315,19,1,105.0,105.0
2110,1316,24,1,140.0,140.0
2111,1317,37,1,130.0,130.0
2112,1318,15,1,60.0,60.0
2113,1319,20,1,40.0,40.0
2114,1320,22,1,115.0,115.0
2115,1321,5,1,95.0,95.0
2116,1322,13,1,90.0,90.0
2117,1323,48,1,60.0,60.0
2118,1324,4,1,110.0,110.0
2119,1325,42,1,120.0,120.0
2120,1325,52,1,80.0,80.0
2121,1325,53,1,40.0,40.0
2122,1326,39,1,85.0,85.0
2123,1327,38,1,50.0,50.0
2124,1328,44,1,70.0,70.0
2125,1328,52,1,80.0,80.0
2126,1328,53,1,40.0,40.0
2127,1329,41,1,100.0,100.0
2128,1330,48,1,60.0,60.0
2129,1331,13,1,90.0,90.0
2130,1332,7,1,30.0,30.0
2131,1332,16,1,110.0,110.0
2132,1332,17,1,15.0,15.0
2133,1333,40,1,140.0,140.0
2134,1334,9,1,130.0,130.0
2135,1334,16,1,110.0,110.0
2136,1334,17,1,15.0,15.0
2137,1335,20,1,40.0,40.0
2138,1336,43,1,45.0,45.0
2139,1336,52,1,80.0,80.0
2140,1336,53,1,40.0,40.0
2141,1337,37,1,130.0,130.0
2142,1338,26,1,65.0,65.0
2143,1338,34,1,105.0,105.0
2144,1338,35,1,20.0,20.0
2145,1339,49,1,75.0,75.0
2146,1340,50,1,50.0,50.0
2147,1341,5,1,95.0,95.0
2148,1342,19,1,105.0,105.0
2149,1343,1,1,120.0,120.0
2150,1344,28,1,170.0,170.0
2151,1344,34,1,105.0,105.0
2152,1344,35,1,20.0,20.0
2153,1345,46,1,180.0,180.0
2154,1345,52,1,80.0,80.0
2155,1345,53,1,40.0,40.0
2156,1346,13,1,90.0,90.0
2157,1347,41,1,100.0,100.0
2158,1348,29,1,35.0,35.0
2159,1349,29,1,35.0,35.0
2160,1350,9,1,130.0,130.0
2161,1350,16,1,110.0,110.0
2162,1350,17,1,15.0,15.0
2163,1351,37,1,130.0,130.0
2164,1352,21,1,90.0,90.0
2165,1353,7,1,30.0,30.0
2166,1354,14,1,45.0,45.0
2167,1355,46,1,180.0,180.0
2168,1355,52,1,80.0,80.0
2169,1355,53,1,40.0,40.0
2170,1356,48,1,60.0,60.0
2171,1357,22,1,115.0,115.0
2172,1358,39,1,85.0,85.0
2173,1359,41,1,100.0,100.0
2174,1360,38,1,50.0,50.0
2175,1361,2,1,45.0,45.0
2176,1362,27,1,135.0,135.0
2177,1362,34,1,105.0,105.0
2178,1362,35,1,20.0,20.0
2179,1363,10,1,160.0,160.0
2180,1363,16,1,110.0,110.0
2181,1363,17,1,15.0,15.0
2182,1364,22,1,115.0,115.0
2183,1365,8,1,60.0,60.0
2184,1365,16,1,110.0,110.0
2185,1365,17,1,15.0,15.0
2186,1366,25,1,35.0,35.0
2187,1366,34,1,105.0,105.0
2188,1366,35,1,20.0,20.0
2189,1367,13,1,90.0,90.0
2190,1368,45,1,150.0,150.0
2191,1368,52,1,80.0,80.0
2192,1368,53,1,40.0,40.0
2193,1369,15,1,60.0,60.0
2194,1370,44,1,70.0,70.0
2195,1370,52,1,80.0,80.0
2196,1370,53,1,40.0,40.0
2197,1371,29,1,35.0,35.0
2198,1372,7,1,30.0,30.0
2199,1372,16,1,110.0,110.0
2200,1372,17,1,15.0,15.0
2201,1373,27,1,135.0,135.0
2202,1373,34,1,105.0,105.0
2203,1373,35,1,20.0,20.0
2204,1374,30,1,50.0,50.0
2205,1375,43,1,45.0,45.0
2206,1376,8,1,60.0,60.0
2207,1376,16,1,110.0,110.0
2208,1376,17,1,15.0,15.0
2209,1377,31,1,95.0,95.0
2210,1378,31,1,95.0,95.0
2211,1379,39,1,85.0,85.0
2212,1380,41,1,100.0,100.0
2213,1381,37,1,130.0,130.0
2214,1382,46,1,180.0,180.0
2215,1382,52,1,80.0,80.0
2216,1382,53,1,40.0,40.0
2217,1383,9,1,130.0,130.0
2218,1384,32,1,45.0,45.0
2219,1385,25,1,35.0,35.0
2220,1385,34,1,105.0,105.0
2221,1385,35,1,20.0,20.0
2222,1386,44,1,70.0,70.0
2223,1386,52,1,80.0,80.0
2224,1386,53,1,40.0,40.0
2225,1387,42,1,120.0,120.0
2226,1387,52,1,80.0,80.0
2227,1387,53,1,40.0,40.0
2228,1388,33,1,60.0,60.0
2229,1389,13,1,90.0,90.0
2230,1390,41,1,100.0,100.0
2231,1391,39,1,85.0,85.0
2232,1392,41,1,100.0,100.0
2233,1393,3,1,85.0,85.0
2234,1394,33,1,60.0,60.0
2235,1395,47,1,45.0,45.0
2236,1396,43,1,45.0,45.0
2237,1396,52,1,80.0,80.0
2238,1396,53,1,40.0,40.0
2239,1397,37,1,130.0,130.0
2240,1398,3,1,85.0,85.0
2241,1399,8,1,60.0,60.0
2242,1399,16,1,110.0,110.0
2243,1399,17,1,15.0,15.0
2244,1400,10,1,160.0,160.0
2245,1400,16,1,110.0,110.0
2246,1400,17,1,15.0,15.0
2247,1401,10,1,160.0,160.0
2248,1402,22,1,115.0,115.0
2249,1403,23,1,95.0,95.0
2250,1404,48,1,60.0,60.0
2251,1405,51,1,65.0,65.0
2252,1406,7,1,30.0,30.0
2253,1407,7,1,30.0,30.0
2254,1407,16,1,110.0,110.0
2255,1407,17,1,15.0,15.0
2256,1408,29,1,35.0,35.0
2257,1409,6,1,150.0,150.0
2258,1409,16,1,110.0,110.0
2259,1409,17,1,15.0,15.0
2260,1410,28,1,170.0,170.0
2261,1410,34,1,105.0,105.0
2262,1410,35,1,20.0,20.0
2263,1411,11,1,40.0,40.0
2264,1412,8,1,60.0,60.0
2265,1413,14,1,45.0,45.0
2266,1414,21,1,90.0,90.0
2267,1415,19,1,105.0,105.0
2268,1416,40,1,140.0,140.0
2269,1417,9,1,130.0,130.0
2270,1417,16,1,110.0,110.0
2271,1417,17,1,15.0,15.0
2272,1418,6,1,150.0,150.0
2273,1418,16,1,110.0,110.0
2274,1418,17,1,15.0,15.0
2275,1419,6,1,150.0,150.0
2276,1419,16,1,110.0,110.0
2277,1419,17,1,15.0,15.0
2278,1420,28,1,170.0,170.0
2279,1421,21,1,90.0,90.0
2280,1422,9,1,130.0,130.0
2281,1422,16,1,110.0,110.0
2282,1422,17,1,15.0,15.0
2283,1423,7,1,30.0,30.0
2284,1424,38,1,50.0,50.0
2285,1425,44,1,70.0,70.0
2286,1425,52,1,80.0,80.0
2287,1425,53,1,40.0,40.0
2288,1426,39,1,85.0,85.0
2289,1427,41,1,100.0,100.0
2290,1428,50,1,50.0,50.0
2291,1429,21,1,90.0,90.0
2292,1430,23,1,95.0,95.0
2293,1431,38,1,50.0,50.0
2294,1432,9,1,130.0,130.0
2295,1432,16,1,110.0,110.0
2296,1432,17,1,15.0,15.0
2297,1433,24,1,140.0,140.0
2298,1433,34,1,105.0,105.0
2299,1433,35,1,20.0,20.0
2300,1434,32,1,45.0,45.0
2301,1435,26,1,65.0,65.0
2302,1435,34,1,105.0,105.0
2303,1435,35,1,20.0,20.0
2304,1436,26,1,65.0,65.0
2305,1436,34,1,105.0,105.0
2306,1436,35,1,20.0,20.0
2307,1437,40,1,140.0,140.0
2308,1438,5,1,95.0,95.0
2309,1439,40,1,140.0,140.0
2310,1440,8,1,60.0,60.0
2311,1440,16,1,110.0,110.0
2312,1440,17,1,15.0,15.0
2313,1441,24,1,140.0,140.0
2314,1442,4,1,110.0,110.0
2315,1443,38,1,50.0,50.0
2316,1444,7,1,30.0,30.0
2317,1444,16,1,110.0,110.0
2318,1444,17,1,15.0,15.0
2319,1445,27,1,135.0,135.0
2320,1445,34,1,105.0,105.0
2321,1445,35,1,20.0,20.0
2322,1446,2,1,45.0,45.0
2323,1447,14,1,45.0,45.0
2324,1448,2,1,45.0,45.0
2325,1449,13,1,90.0,90.0
2326,1450,50,1,50.0,50.0
2327,1451,41,1,100.0,100.0
2328,1452,20,1,40.0,40.0
2329,1453,41,1,100.0,100.0
2330,1454,13,1,90.0,90.0
2331,1455,43,1,45.0,45.0
2332,1455,52,1,80.0,80.0
2333,1455,53,1,40.0,40.0
2334,1456,47,1,45.0,45.0
2335,1457,25,1,35.0,35.0
2336,1457,34,1,105.0,105.0
2337,1457,35,1,20.0,20.0
2338,1458,22,1,115.0,115.0
2339,1459,43,1,45.0,45.0
2340,1459,52,1,80.0,80.0
2341,1459,53,1,40.0,40.0
2342,1460,22,1,115.0,115.0
2343,1461,46,1,180.0,180.0
2344,1461,52,1,80.0,80.0
2345,1461,53,1,40.0,40.0
2346,1462,10,1,160.0,160.0
2347,1462,16,1,110.0,110.0
2348,1462,17,1,15.0,15.0
2349,1463,3,1,85.0,85.0
2350,1464,50,1,50.0,50.0
2351,1465,12,1,55.0,55.0
2352,1466,29,1,35.0,35.0
2353,1467,32,1,45.0,45.0
2354,1468,24,1,140.0,140.0
2355,1468,34,1,105.0,105.0
2356,1468,35,1,20.0,20.0
2357,1469,29,1,35.0,35.0
2358,1470,12,1,55.0,55.0
2359,1471,10,1,160.0,160.0
2360,1471,16,1,110.0,110.0
2361,1471,17,1,15.0,15.0
2362,1472,47,1,45.0,45.0
2363,1473,47,1,45.0,45.0
2364,1474,14,1,45.0,45.0
2365,1475,9,1,130.0,130.0
2366,1476,39,1,85.0,85.0
2367,1477,46,1,180.0,180.0
2368,1478,43,1,45.0,45.0
2369,1478,52,1,80.0,80.0
2370,1478,53,1,40.0,40.0
2371,1479,32,1,45.0,45.0
2372,1480,10,1,160.0,160.0
2373,1480,16,1,110.0,110.0
2374,1480,17,1,15.0,15.0
2375,1481,48,1,60.0,60.0
2376,1482,5,1,95.0,95.0
2377,1483,12,1,55.0,55.0
2378,1484,39,1,85.0,85.0
2379,1485,31,1,95.0,95.0
2380,1486,26,1,65.0,65.0
2381,1486,34,1,105.0,105.0
2382,1486,35,1,20.0,20.0
2383,1487,50,1,50.0,50.0
2384,1488,5,1,95.0,95.0
2385,1489,9,1,130.0,130.0
2386,1489,16,1,110.0,110.0
2387,1489,17,1,15.0,15.0
2388,1490,12,1,55.0,55.0
2389,1491,39,1,85.0,85.0
2390,1492,48,1,60.0,60.0
2391,1493,3,1,85.0,85.0
2392,1494,3,1,85.0,85.0
2393,1495,3,1,85.0,85.0
2394,1496,26,1,65.0,65.0
2395,1496,34,1,105.0,105.0
2396,1496,35,1,20.0,20.0
2397,1497,24,1,140.0,140.0
2398,1497,34,1,105.0,105.0
2399,1497,35,1,20.0,20.0
2400,1498,29,1,35.0,35.0
2401,1499,37,1,130.0,130.0
2402,1500,31,1,95.0,95.0
2403,1501,21,1,90.0,90.0
2404,1502,13,1,90.0,90.0
2405,1503,33,1,60.0,60.0
2406,1504,21,1,90.0,90.0
2407,1505,20,1,40.0,40.0
2408,1506,50,1,50.0,50.0
2409,1507,51,1,65.0,65.0
2410,1508,46,1,180.0,180.0
2411,1508,52,1,80.0,80.0
2412,1508,53,1,40.0,40.0
2413,1509,45,1,150.0,150.0
2414,1509,52,1,80.0,80.0
2415,1509,53,1,40.0,40.0
2416,1510,5,1,95.0,95.0
2417,1511,8,1,60.0,60.0
2418,1511,16,1,110.0,110.0
2419,1511,17,1,15.0,15.0
2420,1512,38,1,50.0,50.0
2421,1513,46,1,180.0,180.0
2422,1514,43,1,45.0,45.0
2423,1514,52,1,80.0,80.0
2424,1514,53,1,40.0,40.0
2425,1515,19,1,105.0,105.0
2426,1516,44,1,70.0,70.0
2427,1516,52,1,80.0,80.0
2428,1516,53,1,40.0,40.0
2429,1517,23,1,95.0,95.0
2430,1518,24,1,140.0,140.0
2431,1518,34,1,105.0,105.0
2432,1518,35,1,20.0,20.0
2433,1519,31,1,95.0,95.0
2434,1520,6,1,150.0,150.0
2435,1520,16,1,110.0,110.0
2436,1520,17,1,15.0,15.0
2437,1521,5,1,95.0,95.0
2438,1522,10,1,160.0,160.0
2439,1522,16,1,110.0,110.0
2440,1522,17,1,15.0,15.0
2441,1523,32,1,45.0,45.0
2442,1524,6,1,150.0,150.0
2443,1524,16,1,110.0,110.0
2444,1524,17,1,15.0,15.0
2445,1525,10,1,160.0,160.0
2446,1526,13,1,90.0,90.0
2447,1527,25,1,35.0,35.0
2448,1527,34,1,105.0,105.0
2449,1527,35,1,20.0,20.0
2450,1528,48,1,60.0,60.0
2451,1529,39,1,85.0,85.0
2452,1530,32,1,45.0,45.0
2453,1531,42,1,120.0,120.0
2454,1532,2,1,45.0,45.0
2455,1533,42,1,120.0,120.0
2456,1533,52,1,80.0,80.0
2457,1533,53,1,40.0,40.0
2458,1534,1,1,120.0,120.0
2459,1535,8,1,60.0,60.0
2460,1535,16,1,110.0,110.0
2461,1535,17,1,15.0,15.0
2462,1536,6,1,150.0,150.0
2463,1536,16,1,110.0,110.0
2464,1536,17,1,15.0,15.0
2465,1537,25,1,35.0,35.0
2466,1537,34,1,105.0,105.0
2467,1537,35,1,20.0,20.0
2468,1538,37,1,130.0,130.0
2469,1539,19,1,105.0,105.0
2470,1540,45,1,150.0,150.0
2471,1540,52,1,80.0,80.0
2472,1540,53,1,40.0,40.0
2473,1541,39,1,85.0,85.0
2474,1542,1,1,120.0,120.0
2475,1543,32,1,45.0,45.0
2476,1544,31,1,95.0,95.0
2477,1545,44,1,70.0,70.0
2478,1545,52,1,80.0,80.0
2479,1545,53,1,40.0,40.0
2480,1546,14,1,45.0,45.0
2481,1547,37,1,130.0,130.0
2482,1548,26,1,65.0,65.0
2483,1548,34,1,105.0,105.0
2484,1548,35,1,20.0,20.0
2485,1549,43,1,45.0,45.0
2486,1549,52,1,80.0,80.0
2487,1549,53,1,40.0,40.0
2488,1550,26,1,65.0,65.0
2489,1550,34,1,105.0,105.0
2490,1550,35,1,20.0,20.0
2491,1551,7,1,30.0,30.0
2492,1551,16,1,110.0,110.0
2493,1551,17,1,15.0,15.0
2494,1552,38,1,50.0,50.0
2495,1553,28,1,170.0,170.0
2496,1553,34,1,105.0,105.0
2497,1553,35,1,20.0,20.0
2498,1554,1,1,120.0,120.0
2499,1555,24,1,140.0,140.0
2500,1555,34,1,105.0,105.0
2501,1555,35,1,20.0,20.0
2502,1556,2,1,45.0,45.0
2503,1557,21,1,90.0,90.0
2504,1558,5,1,95.0,95.0
2505,1559,43,1,45.0,45.0
2506,1559,52,1,80.0,80.0
2507,1559,53,1,40.0,40.0
2508,1560,4,1,110.0,110.0
2509,1561,32,1,45.0,45.0
2510,1562,10,1,160.0,160.0
2511,1562,16,1,110.0,110.0
2512,1562,17,1,15.0,15.0
2513,1563,4,1,110.0,110.0
2514,1564,6,1,150.0,150.0
2515,1565,41,1,100.0,100.0
2516,1566,32,1,45.0,45.0
2517,1567,45,1,150.0,150.0
2518,1567,52,1,80.0,80.0
2519,1567,53,1,40.0,40.0
2520,1568,43,1,45.0,45.0
2521,1568,52,1,80.0,80.0
2522,1568,53,1,40.0,40.0
2523,1569,28,1,170.0,170.0
2524,1570,9,1,130.0,130.0
2525,1570,16,1,110.0,110.0
2526,1570,17,1,15.0,15.0
2527,1571,25,1,35.0,35.0
2528,1571,34,1,105.0,105.0
2529,1571,35,1,20.0,20.0
2530,1572,27,1,135.0,135.0
2531,1572,34,1,105.0,105.0
2532,1572,35,1,20.0,20.0
2533,1573,22,1,115.0,115.0
2534,1574,14,1,45.0,45.0
2535,1575,1,1,120.0,120.0
2536,1576,42,1,120.0,120.0
2537,1576,52,1,80.0,80.0
2538,1576,53,1,40.0,40.0
2539,1577,21,1,90.0,90.0
2540,1578,51,1,65.0,65.0
2541,1579,37,1,130.0,130.0
2542,1580,4,1,110.0,110.0
2543,1581,24,1,140.0,140.0
2544,1581,34,1,105.0,105.0
2545,1581,35,1,20.0,20.0
2546,1582,20,1,40.0,40.0
2547,1583,22,1,115.0,115.0
2548,1584,5,1,95.0,95.0
2549,1585,31,1,95.0,95.0
2550,1586,31,1,95.0,95.0
2551,1587,2,1,45.0,45.0
2552,1588,26,1,65.0,65.0
2553,1588,34,1,105.0,105.0
2554,1588,35,1,20.0,20.0
2555,1589,11,1,40.0,40.0
2556,1590,5,1,95.0,95.0
2557,1591,20,1,40.0,40.0
2558,1592,30,1,50.0,50.0
2559,1593,12,1,55.0,55.0
2560,1594,1,1,120.0,120.0
2561,1595,39,1,85.0,85.0
2562,1596,33,1,60.0,60.0
2563,1597,14,1,45.0,45.0
2564,1598,27,1,135.0,135.0
2565,1598,34,1,105.0,105.0
2566,1598,35,1,20.0,20.0
2567,1599,39,1,85.0,85.0
2568,1600,25,1,35.0,35.0
2569,1600,34,1,105.0,105.0
2570,1600,35,1,20.0,20.0
2571,1601,32,1,45.0,45.0
2572,1602,37,1,130.0,130.0
2573,1603,10,1,160.0,160.0
2574,1603,16,1,110.0,110.0
2575,1603,17,1,15.0,15.0
2576,1604,44,1,70.0,70.0
2577,1604,52,1,80.0,80.0
2578,1604,53,1,40.0,40.0
2579,1605,39,1,85.0,85.0
2580,1606,45,1,150.0,150.0
2581,1606,52,1,80.0,80.0
2582,1606,53,1,40.0,40.0
2583,1607,22,1,115.0,115.0
2584,1608,51,1,65.0,65.0
2585,1609,20,1,40.0,40.0
2586,1610,10,1,160.0,160.0
2587,1610,16,1,110.0,110.0
2588,1610,17,1,15.0,15.0
2589,1611,2,1,45.0,45.0
2590,1612,41,1,100.0,100.0
2591,1613,19,1,105.0,105.0
2592,1614,12,1,55.0,55.0
2593,1615,27,1,135.0,135.0
2594,1615,34,1,105.0,105.0
2595,1615,35,1,20.0,20.0
2596,1616,27,1,135.0,135.0
2597,1616,34,1,105.0,105.0
2598,1616,35,1,20.0,20.0
2599,1617,24,1,140.0,140.0
2600,1617,34,1,105.0,105.0
2601,1617,35,1,20.0,20.0
2602,1618,6,1,150.0,150.0
2603,1618,16,1,110.0,110.0
2604,1618,17,1,15.0,15.0
2605,1619,28,1,170.0,170.0
2606,1619,34,1,105.0,105.0
2607,1619,35,1,20.0,20.0
2608,1620,42,1,120.0,120.0
2609,1620,52,1,80.0,80.0
2610,1620,53,1,40.0,40.0
2611,1621,1,1,120.0,120.0
2612,1622,44,1,70.0,70.0
2613,1622,52,1,80.0,80.0
2614,1622,53,1,40.0,40.0
2615,1623,45,1,150.0,150.0
2616,1623,52,1,80.0,80.0
2617,1623,53,1,40.0,40.0
2618,1624,43,1,45.0,45.0
2619,1624,52,1,80.0,80.0
2620,1624,53,1,40.0,40.0
2621,1625,3,1,85.0,85.0
2622,1626,12,1,55.0,55.0
2623,1627,13,1,90.0,90.0
2624,1628,32,1,45.0,45.0
2625,1629,11,1,40.0,40.0
2626,1630,19,1,105.0,105.0
2627,1631,2,1,45.0,45.0
2628,1632,42,1,120.0,120.0
2629,1632,52,1,80.0,80.0
2630,1632,53,1,40.0,40.0
2631,1633,13,1,90.0,90.0
2632,1634,24,1,140.0,140.0
2633,1634,34,1,105.0,105.0
2634,1634,35,1,20.0,20.0
2635,1635,46,1,180.0,180.0
2636,1635,52,1,80.0,80.0
2637,1635,53,1,40.0,40.0
2638,1636,49,1,75.0,75.0
2639,1637,40,1,140.0,140.0
2640,1638,11,1,40.0,40.0
2641,1639,33,1,60.0,60.0
2642,1640,33,1,60.0,60.0
2643,1641,44,1,70.0,70.0
2644,1641,52,1,80.0,80.0
2645,1641,53,1,40.0,40.0
2646,1642,15,1,60.0,60.0
2647,1643,27,1,135.0,135.0
2648,1643,34,1,105.0,105.0
2649,1643,35,1,20.0,20.0
2650,1644,48,1,60.0,60.0
2651,1645,32,1,45.0,45.0
2652,1646,8,1,60.0,60.0
2653,1646,16,1,110.0,110.0
2654,1646,17,1,15.0,15.0
2655,1647,11,1,40.0,40.0
2656,1648,28,1,170.0,170.0
2657,1648,34,1,105.0,105.0
2658,1648,35,1,20.0,20.0
2659,1649,30,1,50.0,50.0
2660,1650,7,1,30.0,30.0
2661,1651,19,1,105.0,105.0
2662,1652,1,1,120.0,120.0
2663,1653,42,1,120.0,120.0
2664,1653,52,1,80.0,80.0
2665,1653,53,1,40.0,40.0
2666,1654,29,1,35.0,35.0
2667,1655,46,1,180.0,180.0
2668,1656,22,1,115.0,115.0
2669,1657,2,1,45.0,45.0
2670,1658,3,1,85.0,85.0
2671,1659,51,1,65.0,65.0
2672,1660,41,1,100.0,100.0
2673,1661,27,1,135.0,135.0
2674,1661,34,1,105.0,105.0
2675,1661,35,1,20.0,20.0
2676,1662,22,1,115.0,115.0
2677,1663,25,1,35.0,35.0
2678,1663,34,1,105.0,105.0
2679,1663,35,1,20.0,20.0
2680,1664,29,1,35.0,35.0
2681,1665,21,1,90.0,90.0
2682,1666,12,1,55.0,55.0
2683,1667,37,1,130.0,130.0
2684,1668,49,1,75.0,75.0
2685,1669,28,1,170.0,170.0
2686,1669,34,1,105.0,105.0
2687,1669,35,1,20.0,20.0
2688,1670,10,1,160.0,160.0
2689,1670,16,1,110.0,110.0
2690,1670,17,1,15.0,15.0
2691,1671,51,1,65.0,65.0
2692,1672,5,1,95.0,95.0
2693,1673,20,1,40.0,40.0
2694,1674,27,1,135.0,135.0
2695,1674,34,1,105.0,105.0
2696,1674,35,1,20.0,20.0
2697,1675,20,1,40.0,40.0
2698,1676,26,1,65.0,65.0
2699,1676,34,1,105.0,105.0
2700,1676,35,1,20.0,20.0
2701,1677,45,1,150.0,150.0
2702,1678,39,1,85.0,85.0
2703,1679,37,1,130.0,130.0
2704,1680,41,1,100.0,100.0
2705,1681,44,1,70.0,70.0
2706,1681,52,1,80.0,80.0
2707,1681,53,1,40.0,40.0
2708,1682,40,1,140.0,140.0
2709,1683,25,1,35.0,35.0
2710,1684,6,1,150.0,150.0
2711,1684,16,1,110.0,110.0
2712,1684,17,1,15.0,15.0
2713,1685,9,1,130.0,130.0
2714,1685,16,1,110.0,110.0
2715,1685,17,1,15.0,15.0
2716,1686,29,1,35.0,35.0
2717,1687,11,1,40.0,40.0
2718,1688,3,1,85.0,85.0
2719,1689,48,1,60.0,60.0
2720,1690,4,1,110.0,110.0
2721,1691,2,1,45.0,45.0
2722,1692,37,1,130.0,130.0
2723,1693,11,1,40.0,40.0
2724,1694,41,1,100.0,100.0
2725,1695,29,1,35.0,35.0
2726,1696,10,1,160.0,160.0
2727,1696,16,1,110.0,110.0
2728,1696,17,1,15.0,15.0
2729,1697,49,1,75.0,75.0
2730,1698,21,1,90.0,90.0
2731,1699,14,1,45.0,45.0
2732,1700,45,1,150.0,150.0
2733,1700,52,1,80.0,80.0
2734,1700,53,1,40.0,40.0
2735,1701,49,1,75.0,75.0
2736,1702,31,1,95.0,95.0
2737,1703,9,1,130.0,130.0
2738,1703,16,1,110.0,110.0
2739,1703,17,1,15.0,15.0
2740,1704,25,1,35.0,35.0
2741,1704,34,1,105.0,105.0
2742,1704,35,1,20.0,20.0
2743,1705,27,1,135.0,135.0
2744,1705,34,1,105.0,105.0
2745,1705,35,1,20.0,20.0
2746,1706,46,1,180.0,180.0
2747,1706,52,1,80.0,80.0
2748,1706,53,1,40.0,40.0
2749,1707,38,1,50.0,50.0
2750,1708,47,1,45.0,45.0
2751,1709,40,1,140.0,140.0
2752,1710,41,1,100.0,100.0
2753,1711,30,1,50.0,50.0
2754,1712,31,1,95.0,95.0
2755,1713,27,1,135.0,135.0
2756,1713,34,1,105.0,105.0
2757,1713,35,1,20.0,20.0
2758,1714,39,1,85.0,85.0
2759,1715,14,1,45.0,45.0
2760,1716,39,1,85.0,85.0
2761,1717,48,1,60.0,60.0
2762,1718,41,1,100.0,100.0
2763,1719,4,1,110.0,110.0
2764,1720,2,1,45.0,45.0
2765,1721,45,1,150.0,150.0
2766,1721,52,1,80.0,80.0
2767,1721,53,1,40.0,40.0
2768,1722,13,1,90.0,90.0
2769,1723,39,1,85.0,85.0
2770,1724,31,1,95.0,95.0
2771,1725,1,1,120.0,120.0
2772,1726,9,1,130.0,130.0
2773,1726,16,1,110.0,110.0
2774,1726,17,1,15.0,15.0
2775,1727,51,1,65.0,65.0
2776,1728,49,1,75.0,75.0
2777,1729,8,1,60.0,60.0
2778,1729,16,1,110.0,110.0
2779,1729,17,1,15.0,15.0
2780,1730,1,1,120.0,120.0
2781,1731,11,1,40.0,40.0
2782,1732,27,1,135.0,135.0
2783,1732,34,1,105.0,105.0
2784,1732,35,1,20.0,20.0
2785,1733,21,1,90.0,90.0
2786,1734,46,1,180.0,180.0
2787,1734,52,1,80.0,80.0
2788,1734,53,1,40.0,40.0
2789,1735,40,1,140.0,140.0
2790,1736,21,1,90.0,90.0
2791,1737,33,1,60.0,60.0
2792,1738,10,1,160.0,160.0
2793,1739,50,1,50.0,50.0
2794,1740,1,1,120.0,120.0
2795,1741,7,1,30.0,30.0
2796,1742,12,1,55.0,55.0
2797,1743,37,1,130.0,130.0
2798,1744,2,1,45.0,45.0
2799,1745,24,1,140.0,140.0
2800,1745,34,1,105.0,105.0
2801,1745,35,1,20.0,20.0
2802,1746,30,1,50.0,50.0
2803,1747,2,1,45.0,45.0
2804,1748,10,1,160.0,160.0
2805,1748,16,1,110.0,110.0
2806,1748,17,1,15.0,15.0
2807,1749,33,1,60.0,60.0
2808,1750,24,1,140.0,140.0
2809,1751,20,1,40.0,40.0
2810,1752,27,1,135.0,135.0
2811,1752,34,1,105.0,105.0
2812,1752,35,1,20.0,20.0
2813,1753,40,1,140.0,140.0
2814,1754,1,1,120.0,120.0
2815,1755,8,1,60.0,60.0
2816,1755,16,1,110.0,110.0
2817,1755,17,1,15.0,15.0
2818,1756,3,1,85.0,85.0
2819,1757,7,1,30.0,30.0
2820,1757,16,1,110.0,110.0
2821,1757,17,1,15.0,15.0
2822,1758,22,1,115.0,115.0
2823,1759,6,1,150.0,150.0
2824,1759,16,1,110.0,110.0
2825,1759,17,1,15.0,15.0
2826,1760,26,1,65.0,65.0
2827,1760,34,1,105.0,105.0
2828,1760,35,1,20.0,20.0
2829,1761,11,1,40.0,40.0
2830,1762,20,1,40.0,40.0
2831,1763,33,1,60.0,60.0
2832,1764,41,1,100.0,100.0
2833,1765,47,1,45.0,45.0
2834,1766,29,1,35.0,35.0
2835,1767,19,1,105.0,105.0
2836,1768,27,1,135.0,135.0
2837,1768,34,1,105.0,105.0
2838,1768,35,1,20.0,20.0
2839,1769,5,1,95.0,95.0
2840,1770,3,1,85.0,85.0
2841,1771,9,1,130.0,130.0
2842,1771,16,1,110.0,110.0
2843,1771,17,1,15.0,15.0
2844,1772,23,1,95.0,95.0
2845,1773,21,1,90.0,90.0
2846,1774,12,1,55.0,55.0
2847,1775,10,1,160.0,160.0
2848,1775,16,1,110.0,110.0
2849,1775,17,1,15.0,15.0
2850,1776,37,1,130.0,130.0
2851,1777,31,1,95.0,95.0
2852,1778,42,1,120.0,120.0
2853,1778,52,1,80.0,80.0
2854,1778,53,1,40.0,40.0
2855,1779,15,1,60.0,60.0
2856,1780,1,1,120.0,120.0
2857,1781,5,1,95.0,95.0
2858,1782,3,1,85.0,85.0
2859,1783,23,1,95.0,95.0
2860,1784,4,1,110.0,110.0
2861,1785,43,1,45.0,45.0
2862,1785,52,1,80.0,80.0
2863,1785,53,1,40.0,40.0
2864,1786,30,1,50.0,50.0
2865,1787,8,1,60.0,60.0
2866,1788,50,1,50.0,50.0
2867,1789,8,1,60.0,60.0
2868,1789,16,1,110.0,110.0
2869,1789,17,1,15.0,15.0
2870,1790,45,1,150.0,150.0
2871,1790,52,1,80.0,80.0
2872,1790,53,1,40.0,40.0
2873,1791,45,1,150.0,150.0
2874,1791,52,1,80.0,80.0
2875,1791,53,1,40.0,40.0
2876,1792,38,1,50.0,50.0
2877,1793,2,1,45.0,45.0
2878,1794,49,1,75.0,75.0
2879,1795,40,1,140.0,140.0
2880,1796,5,1,95.0,95.0
2881,1797,27,1,135.0,135.0
2882,1797,34,1,105.0,105.0
2883,1797,35,1,20.0,20.0
2884,1798,43,1,45.0,45.0
2885,1798,52,1,80.0,80.0
2886,1798,53,1,40.0,40.0
2887,1799,9,1,130.0,130.0
2888,1799,16,1,110.0,110.0
2889,1799,17,1,15.0,15.0
2890,1800,5,1,95.0,95.0
2891,1801,30,1,50.0,50.0
2892,1802,49,1,75.0,75.0
2893,1803,13,1,90.0,90.0
2894,1804,11,1,40.0,40.0
2895,1805,7,1,30.0,30.0
2896,1805,16,1,110.0,110.0
2897,1805,17,1,15.0,15.0
2898,1806,20,1,40.0,40.0
2899,1807,22,1,115.0,115.0
2900,1808,51,1,65.0,65.0
2901,1809,6,1,150.0,150.0
2902,1809,16,1,110.0,110.0
2903,1809,17,1,15.0,15.0
2904,1810,40,1,140.0,140.0
2905,1811,19,1,105.0,105.0
2906,1812,38,1,50.0,50.0
2907,1813,40,1,140.0,140.0
2908,1814,26,1,65.0,65.0
2909,1814,34,1,105.0,105.0
2910,1814,35,1,20.0,20.0
2911,1815,6,1,150.0,150.0
2912,1815,16,1,110.0,110.0
2913,1815,17,1,15.0,15.0
2914,1816,6,1,150.0,150.0
2915,1816,16,1,110.0,110.0
2916,1816,17,1,15.0,15.0
2917,1817,23,1,95.0,95.0
2918,1818,28,1,170.0,170.0
2919,1818,34,1,105.0,105.0
2920,1818,35,1,20.0,20.0
2921,1819,4,1,110.0,110.0
2922,1820,33,1,60.0,60.0
2923,1821,25,1,35.0,35.0
2924,1821,34,1,105.0,105.0
2925,1821,35,1,20.0,20.0
2926,1822,15,1,60.0,60.0
2927,1823,9,1,130.0,130.0
2928,1823,16,1,110.0,110.0
2929,1823,17,1,15.0,15.0
2930,1824,49,1,75.0,75.0
2931,1825,32,1,45.0,45.0
2932,1826,30,1,50.0,50.0
2933,1827,39,1,85.0,85.0
2934,1828,2,1,45.0,45.0
2935,1829,22,1,115.0,115.0
2936,1830,7,1,30.0,30.0
2937,1830,16,1,110.0,110.0
2938,1830,17,1,15.0,15.0
2939,1831,44,1,70.0,70.0
2940,1832,26,1,65.0,65.0
2941,1832,34,1,105.0,105.0
2942,1832,35,1,20.0,20.0
2943,1833,15,1,60.0,60.0
2944,1834,8,1,60.0,60.0
2945,1834,16,1,110.0,110.0
2946,1834,17,1,15.0,15.0
2947,1835,47,1,45.0,45.0
2948,1836,14,1,45.0,45.0
2949,1837,47,1,45.0,45.0
2950,1838,2,1,45.0,45.0
2951,1839,27,1,135.0,135.0
2952,1839,34,1,105.0,105.0
2953,1839,35,1,20.0,20.0
2954,1840,41,1,100.0,100.0
2955,1841,15,1,60.0,60.0
2956,1842,49,1,75.0,75.0
2957,1843,1,1,120.0,120.0
2958,1844,14,1,45.0,45.0
2959,1845,30,1,50.0,50.0
2960,1846,44,1,70.0,70.0
2961,1846,52,1,80.0,80.0
2962,1846,53,1,40.0,40.0
2963,1847,22,1,115.0,115.0
2964,1848,46,1,180.0,180.0
2965,1848,52,1,80.0,80.0
2966,1848,53,1,40.0,40.0
2967,1849,10,1,160.0,160.0
2968,1850,12,1,55.0,55.0
2969,1851,12,1,55.0,55.0
2970,1852,39,1,85.0,85.0
2971,1853,46,1,180.0,180.0
2972,1853,52,1,80.0,80.0
2973,1853,53,1,40.0,40.0
2974,1854,6,1,150.0,150.0
2975,1854,16,1,110.0,110.0
2976,1854,17,1,15.0,15.0
2977,1855,43,1,45.0,45.0
2978,1855,52,1,80.0,80.0
2979,1855,53,1,40.0,40.0
2980,1856,40,1,140.0,140.0
2981,1857,28,1,170.0,170.0
2982,1858,14,1,45.0,45.0
2983,1859,45,1,150.0,150.0
2984,1859,52,1,80.0,80.0
2985,1859,53,1,40.0,40.0
2986,1860,43,1,45.0,45.0
2987,1860,52,1,80.0,80.0
2988,1860,53,1,40.0,40.0
2989,1861,32,1,45.0,45.0
2990,1862,2,1,45.0,45.0
2991,1863,7,1,30.0,30.0
2992,1863,16,1,110.0,110.0
2993,1863,17,1,15.0,15.0
2994,1864,13,1,90.0,90.0
2995,1865,40,1,140.0,140.0
2996,1866,2,1,45.0,45.0
2997,1867,39,1,85.0,85.0
2998,1868,37,1,130.0,130.0
2999,1869,47,1,45.0,45.0
3000,1870,29,1,35.0,35.0
3001,1871,45,1,150.0,150.0
