order_id,user_id,cafeteria_id,order_status,total_amount,placed_at,confirmed_at,completed_at,special_instructions
1,39,1,COMPLETED,1550.0,2025-02-18 12:00:00,,,
2,41,3,COMPLETED,1950.0,2025-02-24 12:00:00,,,
3,14,2,COMPLETED,1050.0,2025-02-26 12:00:00,,,
4,39,2,COMPLETED,1900.0,2025-02-20 12:00:00,,,
5,1,3,COMPLETED,1100.0,2025-02-06 12:00:00,,,
6,58,2,COMPLETED,350.0,2025-02-24 12:00:00,,,
7,51,2,COMPLETED,450.0,2025-02-02 12:00:00,,,
8,59,2,COMPLETED,600.0,2025-02-10 12:00:00,,,
9,52,2,COMPLETED,1450.0,2025-02-05 12:00:00,,,
10,18,1,COMPLETED,1200.0,2025-02-20 12:00:00,,,
11,17,2,COMPLETED,400.0,2025-02-16 12:00:00,,,
12,13,1,COMPLETED,1100.0,2025-01-29 12:00:00,,,
13,11,3,COMPLETED,500.0,2025-02-22 12:00:00,,,
14,60,2,COMPLETED,450.0,2025-02-10 12:00:00,,,
15,47,1,COMPLETED,550.0,2025-02-26 12:00:00,,,
16,17,1,COMPLETED,950.0,2025-01-29 12:00:00,,,
17,40,2,COMPLETED,3000.0,2025-01-30 12:00:00,,,
18,34,1,COMPLETED,2850.0,2025-02-09 12:00:00,,,
19,14,3,COMPLETED,1900.0,2025-02-11 12:00:00,,,
20,7,2,COMPLETED,2000.0,2025-02-03 12:00:00,,,
21,23,3,COMPLETED,1800.0,2025-02-11 12:00:00,,,
22,1,3,COMPLETED,1450.0,2025-02-06 12:00:00,,,
23,39,1,COMPLETED,600.0,2025-02-13 12:00:00,,,
24,53,1,COMPLETED,400.0,2025-02-11 12:00:00,,,
25,55,3,COMPLETED,1700.0,2025-02-18 12:00:00,,,
26,10,3,COMPLETED,1400.0,2025-02-10 12:00:00,,,
27,1,1,COMPLETED,950.0,2025-02-26 12:00:00,,,
28,53,3,COMPLETED,450.0,2025-02-17 12:00:00,,,
29,57,1,COMPLETED,400.0,2025-02-12 12:00:00,,,
30,46,3,COMPLETED,1950.0,2025-02-23 12:00:00,,,
31,16,3,COMPLETED,500.0,2025-02-14 12:00:00,,,
32,44,1,COMPLETED,600.0,2025-02-17 12:00:00,,,
33,39,2,COMPLETED,2650.0,2025-02-11 12:00:00,,,
34,21,2,COMPLETED,1600.0,2025-02-20 12:00:00,,,
35,38,1,COMPLETED,4100.0,2025-01-30 12:00:00,,,
36,41,1,COMPLETED,600.0,2025-02-23 12:00:00,,,
37,35,2,COMPLETED,4050.0,2025-02-03 12:00:00,,,
38,26,2,COMPLETED,2600.0,2025-02-12 12:00:00,,,
39,60,1,COMPLETED,550.0,2025-02-14 12:00:00,,,
40,52,1,COMPLETED,900.0,2025-02-21 12:00:00,,,
41,26,1,COMPLETED,2850.0,2025-02-19 12:00:00,,,
42,52,2,COMPLETED,600.0,2025-02-25 12:00:00,,,
43,51,3,COMPLETED,2450.0,2025-01-30 12:00:00,,,
44,13,2,COMPLETED,400.0,2025-02-25 12:00:00,,,
45,60,1,COMPLETED,900.0,2025-02-03 12:00:00,,,
46,58,3,COMPLETED,2300.0,2025-02-10 12:00:00,,,
47,59,2,COMPLETED,1550.0,2025-02-10 12:00:00,,,
48,36,2,COMPLETED,2500.0,2025-02-01 12:00:00,,,
49,12,2,COMPLETED,1500.0,2025-02-06 12:00:00,,,
50,54,1,COMPLETED,450.0,2025-02-09 12:00:00,,,
51,26,2,COMPLETED,2950.0,2025-02-11 12:00:00,,,
52,43,1,COMPLETED,450.0,2025-02-15 12:00:00,,,
53,18,1,COMPLETED,1200.0,2025-02-04 12:00:00,,,
54,60,3,COMPLETED,1800.0,2025-02-24 12:00:00,,,
55,56,3,COMPLETED,1800.0,2025-01-31 12:00:00,,,
56,43,2,COMPLETED,1550.0,2025-01-28 12:00:00,,,
57,50,1,COMPLETED,600.0,2025-02-07 12:00:00,,,
58,9,1,COMPLETED,850.0,2025-02-23 12:00:00,,,
59,17,2,COMPLETED,400.0,2025-02-05 12:00:00,,,
60,16,2,COMPLETED,2050.0,2025-01-30 12:00:00,,,
61,26,1,COMPLETED,2550.0,2025-02-26 12:00:00,,,
62,16,3,COMPLETED,1450.0,2025-02-10 12:00:00,,,
63,5,3,COMPLETED,850.0,2025-01-30 12:00:00,,,
64,35,1,COMPLETED,300.0,2025-02-23 12:00:00,,,
65,48,3,COMPLETED,2400.0,2025-01-31 12:00:00,,,
66,47,3,COMPLETED,1700.0,2025-02-14 12:00:00,,,
67,52,3,COMPLETED,1850.0,2025-02-02 12:00:00,,,
68,20,3,COMPLETED,1000.0,2025-02-02 12:00:00,,,
69,17,3,COMPLETED,1000.0,2025-02-23 12:00:00,,,
70,52,1,COMPLETED,900.0,2025-02-02 12:00:00,,,
71,48,1,COMPLETED,400.0,2025-02-26 12:00:00,,,
72,20,3,COMPLETED,500.0,2025-01-28 12:00:00,,,
73,24,3,COMPLETED,2400.0,2025-02-10 12:00:00,,,
74,59,1,COMPLETED,1800.0,2025-01-29 12:00:00,,,
75,27,3,COMPLETED,1500.0,2025-02-17 12:00:00,,,
76,31,2,COMPLETED,2700.0,2025-02-09 12:00:00,,,
77,56,2,COMPLETED,450.0,2025-02-05 12:00:00,,,
78,22,1,COMPLETED,1550.0,2025-02-07 12:00:00,,,
79,51,3,COMPLETED,1800.0,2025-02-17 12:00:00,,,
80,25,1,COMPLETED,600.0,2025-02-23 12:00:00,,,
81,41,3,COMPLETED,2400.0,2025-02-08 12:00:00,,,
82,18,2,COMPLETED,1150.0,2025-02-09 12:00:00,,,
83,27,1,COMPLETED,2850.0,2025-02-12 12:00:00,,,
84,11,1,COMPLETED,1100.0,2025-02-11 12:00:00,,,
85,21,3,COMPLETED,2100.0,2025-02-04 12:00:00,,,
86,12,1,COMPLETED,850.0,2025-02-19 12:00:00,,,
87,51,1,COMPLETED,450.0,2025-02-14 12:00:00,,,
88,12,3,COMPLETED,500.0,2025-02-12 12:00:00,,,
89,1,3,COMPLETED,1900.0,2025-02-03 12:00:00,,,
90,11,3,COMPLETED,1900.0,2025-02-11 12:00:00,,,
91,51,2,COMPLETED,450.0,2025-02-02 12:00:00,,,
92,36,3,COMPLETED,1500.0,2025-01-31 12:00:00,,,
93,31,3,COMPLETED,1800.0,2025-02-10 12:00:00,,,
94,29,1,COMPLETED,2550.0,2025-02-19 12:00:00,,,
95,32,2,COMPLETED,2650.0,2025-02-18 12:00:00,,,
96,17,1,COMPLETED,1200.0,2025-02-10 12:00:00,,,
97,14,3,COMPLETED,1900.0,2025-02-05 12:00:00,,,
98,33,2,COMPLETED,650.0,2025-02-20 12:00:00,,,
99,36,3,COMPLETED,2100.0,2025-02-01 12:00:00,,,
100,1,2,COMPLETED,950.0,2025-02-04 12:00:00,,,
101,26,3,COMPLETED,2100.0,2025-02-10 12:00:00,,,
102,14,2,COMPLETED,400.0,2025-02-26 12:00:00,,,
103,41,2,COMPLETED,950.0,2025-02-22 12:00:00,,,
104,8,2,COMPLETED,400.0,2025-02-26 12:00:00,,,
105,34,1,COMPLETED,2750.0,2025-02-07 12:00:00,,,
106,4,2,COMPLETED,400.0,2025-02-20 12:00:00,,,
107,46,2,COMPLETED,1700.0,2025-02-04 12:00:00,,,
108,5,1,COMPLETED,950.0,2025-02-10 12:00:00,,,
109,21,2,COMPLETED,2600.0,2025-02-03 12:00:00,,,
110,12,1,COMPLETED,1200.0,2025-02-22 12:00:00,,,
111,41,2,COMPLETED,450.0,2025-02-20 12:00:00,,,
112,47,1,COMPLETED,450.0,2025-02-08 12:00:00,,,
113,7,3,COMPLETED,1900.0,2025-01-29 12:00:00,,,
114,19,3,COMPLETED,500.0,2025-01-29 12:00:00,,,
115,5,3,COMPLETED,1300.0,2025-02-08 12:00:00,,,
116,52,2,COMPLETED,600.0,2025-02-23 12:00:00,,,
117,47,2,COMPLETED,500.0,2025-02-14 12:00:00,,,
118,31,2,COMPLETED,2950.0,2025-02-01 12:00:00,,,
119,39,3,COMPLETED,700.0,2025-02-05 12:00:00,,,
120,58,1,COMPLETED,900.0,2025-02-02 12:00:00,,,
121,27,3,COMPLETED,1800.0,2025-02-18 12:00:00,,,
122,50,1,COMPLETED,550.0,2025-01-31 12:00:00,,,
123,37,2,COMPLETED,2950.0,2025-02-26 12:00:00,,,
124,13,3,COMPLETED,1000.0,2025-02-16 12:00:00,,,
125,43,1,COMPLETED,600.0,2025-02-26 12:00:00,,,
126,6,3,COMPLETED,1400.0,2025-02-12 12:00:00,,,
127,39,2,COMPLETED,2650.0,2025-02-03 12:00:00,,,
128,19,2,COMPLETED,900.0,2025-02-12 12:00:00,,,
129,26,3,COMPLETED,1500.0,2025-02-17 12:00:00,,,
130,17,1,COMPLETED,1200.0,2025-02-23 12:00:00,,,
131,8,2,COMPLETED,2150.0,2025-02-04 12:00:00,,,
132,30,3,COMPLETED,1300.0,2025-01-28 12:00:00,,,
133,7,1,COMPLETED,1200.0,2025-02-20 12:00:00,,,
134,1,2,COMPLETED,950.0,2025-02-18 12:00:00,,,
135,34,3,COMPLETED,1800.0,2025-02-23 12:00:00,,,
136,30,3,COMPLETED,1300.0,2025-02-09 12:00:00,,,
137,12,1,COMPLETED,850.0,2025-01-29 12:00:00,,,
138,25,1,COMPLETED,2750.0,2025-02-08 12:00:00,,,
139,34,1,COMPLETED,2750.0,2025-01-28 12:00:00,,,
140,48,1,COMPLETED,900.0,2025-02-11 12:00:00,,,
141,27,3,COMPLETED,450.0,2025-01-28 12:00:00,,,
142,37,3,COMPLETED,1050.0,2025-01-29 12:00:00,,,
143,40,1,COMPLETED,2750.0,2025-02-21 12:00:00,,,
144,28,2,COMPLETED,1600.0,2025-02-18 12:00:00,,,
145,43,2,COMPLETED,600.0,2025-02-06 12:00:00,,,
146,38,2,COMPLETED,1900.0,2025-01-29 12:00:00,,,
147,55,3,COMPLETED,1650.0,2025-02-24 12:00:00,,,
148,45,2,COMPLETED,350.0,2025-02-18 12:00:00,,,
149,42,3,COMPLETED,2550.0,2025-01-29 12:00:00,,,
150,3,2,COMPLETED,400.0,2025-02-17 12:00:00,,,
151,6,3,COMPLETED,850.0,2025-02-01 12:00:00,,,
152,60,3,COMPLETED,1650.0,2025-02-18 12:00:00,,,
153,29,2,COMPLETED,2650.0,2025-01-30 12:00:00,,,
154,30,1,COMPLETED,1550.0,2025-02-16 12:00:00,,,
155,52,1,COMPLETED,550.0,2025-02-06 12:00:00,,,
156,57,3,COMPLETED,2550.0,2025-02-10 12:00:00,,,
157,59,2,COMPLETED,600.0,2025-02-11 12:00:00,,,
158,40,2,COMPLETED,2650.0,2025-02-14 12:00:00,,,
159,46,2,COMPLETED,500.0,2025-02-04 12:00:00,,,
160,56,2,COMPLETED,350.0,2025-02-06 12:00:00,,,
161,37,1,COMPLETED,1850.0,2025-02-22 12:00:00,,,
162,6,3,COMPLETED,1450.0,2025-01-30 12:00:00,,,
163,50,2,COMPLETED,2050.0,2025-02-05 12:00:00,,,
164,51,3,COMPLETED,1950.0,2025-02-19 12:00:00,,,
165,56,2,COMPLETED,1700.0,2025-01-31 12:00:00,,,
166,48,2,COMPLETED,950.0,2025-01-29 12:00:00,,,
167,17,1,COMPLETED,950.0,2025-02-09 12:00:00,,,
168,30,1,COMPLETED,1550.0,2025-02-10 12:00:00,,,
169,33,2,COMPLETED,2650.0,2025-02-17 12:00:00,,,
170,35,1,COMPLETED,2750.0,2025-02-03 12:00:00,,,
171,49,2,COMPLETED,600.0,2025-02-07 12:00:00,,,
172,30,1,COMPLETED,600.0,2025-02-11 12:00:00,,,
173,53,2,COMPLETED,950.0,2025-02-11 12:00:00,,,
174,44,2,COMPLETED,350.0,2025-02-07 12:00:00,,,
175,59,2,COMPLETED,450.0,2025-02-06 12:00:00,,,
176,52,3,COMPLETED,1800.0,2025-02-15 12:00:00,,,
177,53,1,COMPLETED,450.0,2025-02-24 12:00:00,,,
178,56,3,COMPLETED,1950.0,2025-02-04 12:00:00,,,
179,53,2,COMPLETED,1700.0,2025-02-06 12:00:00,,,
180,48,1,COMPLETED,400.0,2025-02-15 12:00:00,,,
181,32,2,COMPLETED,2650.0,2025-02-03 12:00:00,,,
182,38,1,COMPLETED,4000.0,2025-01-30 12:00:00,,,
183,16,1,COMPLETED,950.0,2025-02-02 12:00:00,,,
184,10,2,COMPLETED,900.0,2025-02-16 12:00:00,,,
185,39,2,COMPLETED,2950.0,2025-02-19 12:00:00,,,
186,24,2,COMPLETED,1900.0,2025-02-19 12:00:00,,,
187,60,1,COMPLETED,1700.0,2025-01-28 12:00:00,,,
188,34,3,COMPLETED,1200.0,2025-02-04 12:00:00,,,
189,30,3,COMPLETED,1500.0,2025-02-18 12:00:00,,,
190,37,2,COMPLETED,2600.0,2025-02-07 12:00:00,,,
191,40,3,COMPLETED,1800.0,2025-02-08 12:00:00,,,
192,19,2,COMPLETED,2250.0,2025-02-09 12:00:00,,,
193,18,3,COMPLETED,1300.0,2025-02-21 12:00:00,,,
194,33,3,COMPLETED,1800.0,2025-02-11 12:00:00,,,
195,16,3,COMPLETED,1000.0,2025-02-12 12:00:00,,,
196,21,1,COMPLETED,1500.0,2025-01-29 12:00:00,,,
197,44,3,COMPLETED,1850.0,2025-01-28 12:00:00,,,
198,1,2,COMPLETED,1150.0,2025-02-13 12:00:00,,,
199,41,2,COMPLETED,1700.0,2025-02-02 12:00:00,,,
200,15,1,COMPLETED,850.0,2025-01-31 12:00:00,,,
201,14,1,COMPLETED,950.0,2025-02-02 12:00:00,,,
202,25,1,COMPLETED,2800.0,2025-01-29 12:00:00,,,
203,54,1,COMPLETED,450.0,2025-02-13 12:00:00,,,
204,45,3,COMPLETED,2300.0,2025-02-14 12:00:00,,,
205,6,2,COMPLETED,950.0,2025-02-14 12:00:00,,,
206,2,2,COMPLETED,950.0,2025-02-13 12:00:00,,,
207,52,1,COMPLETED,900.0,2025-02-06 12:00:00,,,
208,59,2,COMPLETED,350.0,2025-02-15 12:00:00,,,
209,8,3,COMPLETED,1400.0,2025-02-13 12:00:00,,,
210,36,1,COMPLETED,1550.0,2025-02-03 12:00:00,,,
211,5,3,COMPLETED,500.0,2025-02-20 12:00:00,,,
212,53,1,COMPLETED,600.0,2025-02-22 12:00:00,,,
213,1,3,COMPLETED,1300.0,2025-02-22 12:00:00,,,
214,16,1,COMPLETED,1200.0,2025-02-07 12:00:00,,,
215,1,3,COMPLETED,500.0,2025-02-19 12:00:00,,,
216,11,1,COMPLETED,850.0,2025-02-04 12:00:00,,,
217,29,3,COMPLETED,1200.0,2025-02-11 12:00:00,,,
218,57,1,COMPLETED,600.0,2025-02-03 12:00:00,,,
219,28,3,COMPLETED,700.0,2025-02-25 12:00:00,,,
220,25,3,COMPLETED,2400.0,2025-02-12 12:00:00,,,
221,5,2,COMPLETED,400.0,2025-02-25 12:00:00,,,
222,38,2,COMPLETED,2950.0,2025-02-17 12:00:00,,,
223,28,2,COMPLETED,1350.0,2025-02-24 12:00:00,,,
224,40,3,COMPLETED,1050.0,2025-02-05 12:00:00,,,
225,14,2,COMPLETED,900.0,2025-02-13 12:00:00,,,
226,6,2,COMPLETED,1500.0,2025-02-07 12:00:00,,,
227,56,1,COMPLETED,1650.0,2025-02-02 12:00:00,,,
228,45,3,COMPLETED,2550.0,2025-02-10 12:00:00,,,
229,8,2,COMPLETED,1150.0,2025-02-07 12:00:00,,,
230,44,3,COMPLETED,2400.0,2025-02-08 12:00:00,,,
231,40,1,COMPLETED,2850.0,2025-02-23 12:00:00,,,
232,46,2,COMPLETED,600.0,2025-02-02 12:00:00,,,
233,50,2,COMPLETED,350.0,2025-02-07 12:00:00,,,
234,50,1,COMPLETED,450.0,2025-02-21 12:00:00,,,
235,19,2,COMPLETED,950.0,2025-02-26 12:00:00,,,
236,34,2,COMPLETED,2600.0,2025-02-22 12:00:00,,,
237,45,1,COMPLETED,550.0,2025-02-14 12:00:00,,,
238,23,3,COMPLETED,1300.0,2025-02-03 12:00:00,,,
239,4,1,COMPLETED,1100.0,2025-02-08 12:00:00,,,
240,17,2,COMPLETED,900.0,2025-02-12 12:00:00,,,
241,17,3,COMPLETED,850.0,2025-02-23 12:00:00,,,
242,17,3,COMPLETED,2000.0,2025-02-12 12:00:00,,,
243,24,2,COMPLETED,1600.0,2025-02-26 12:00:00,,,
244,9,1,COMPLETED,1200.0,2025-02-17 12:00:00,,,
245,45,1,COMPLETED,450.0,2025-02-15 12:00:00,,,
246,31,3,COMPLETED,1200.0,2025-02-02 12:00:00,,,
247,3,1,COMPLETED,950.0,2025-01-30 12:00:00,,,
248,35,3,COMPLETED,1800.0,2025-02-14 12:00:00,,,
249,20,3,COMPLETED,1000.0,2025-02-08 12:00:00,,,
250,6,3,COMPLETED,850.0,2025-02-19 12:00:00,,,
251,32,2,COMPLETED,1600.0,2025-02-17 12:00:00,,,
252,11,2,COMPLETED,900.0,2025-02-23 12:00:00,,,
253,55,2,COMPLETED,600.0,2025-02-05 12:00:00,,,
254,15,1,COMPLETED,1100.0,2025-02-21 12:00:00,,,
255,46,2,COMPLETED,450.0,2025-02-21 12:00:00,,,
256,30,3,COMPLETED,700.0,2025-02-04 12:00:00,,,
257,34,2,COMPLETED,4050.0,2025-02-08 12:00:00,,,
258,5,2,COMPLETED,400.0,2025-02-17 12:00:00,,,
259,4,2,COMPLETED,900.0,2025-02-17 12:00:00,,,
260,4,3,COMPLETED,1000.0,2025-02-24 12:00:00,,,
261,52,2,COMPLETED,950.0,2025-02-11 12:00:00,,,
262,34,3,COMPLETED,700.0,2025-01-31 12:00:00,,,
263,40,1,COMPLETED,2750.0,2025-02-12 12:00:00,,,
264,7,3,COMPLETED,1400.0,2025-02-16 12:00:00,,,
265,31,1,COMPLETED,1850.0,2025-02-19 12:00:00,,,
266,32,1,COMPLETED,1550.0,2025-02-15 12:00:00,,,
267,21,2,COMPLETED,3700.0,2025-02-03 12:00:00,,,
268,41,1,COMPLETED,450.0,2025-02-05 12:00:00,,,
269,53,2,COMPLETED,1450.0,2025-02-09 12:00:00,,,
270,59,3,COMPLETED,1350.0,2025-02-15 12:00:00,,,
271,23,3,COMPLETED,1500.0,2025-02-02 12:00:00,,,
272,45,3,COMPLETED,2300.0,2025-02-11 12:00:00,,,
273,22,1,COMPLETED,2850.0,2025-02-20 12:00:00,,,
274,14,1,COMPLETED,950.0,2025-02-24 12:00:00,,,
275,7,3,COMPLETED,1600.0,2025-02-01 12:00:00,,,
276,21,3,COMPLETED,450.0,2025-02-23 12:00:00,,,
277,10,3,COMPLETED,1600.0,2025-02-03 12:00:00,,,
278,27,2,COMPLETED,2700.0,2025-02-06 12:00:00,,,
279,45,2,COMPLETED,500.0,2025-02-10 12:00:00,,,
280,29,3,COMPLETED,1800.0,2025-02-15 12:00:00,,,
281,28,1,COMPLETED,600.0,2025-02-15 12:00:00,,,
282,50,3,COMPLETED,1800.0,2025-02-22 12:00:00,,,
283,53,2,COMPLETED,600.0,2025-02-23 12:00:00,,,
284,52,1,COMPLETED,550.0,2025-02-04 12:00:00,,,
285,9,2,COMPLETED,400.0,2025-01-29 12:00:00,,,
286,21,1,COMPLETED,1850.0,2025-02-25 12:00:00,,,
287,60,2,COMPLETED,600.0,2025-02-26 12:00:00,,,
288,51,2,COMPLETED,1450.0,2025-02-03 12:00:00,,,
289,50,3,COMPLETED,1700.0,2025-02-22 12:00:00,,,
290,1,1,COMPLETED,950.0,2025-02-19 12:00:00,,,
291,33,3,COMPLETED,1800.0,2025-02-11 12:00:00,,,
292,19,1,COMPLETED,1100.0,2025-02-14 12:00:00,,,
293,28,1,COMPLETED,1850.0,2025-01-30 12:00:00,,,
294,15,1,COMPLETED,1100.0,2025-02-14 12:00:00,,,
295,15,2,COMPLETED,1050.0,2025-02-07 12:00:00,,,
296,5,2,COMPLETED,950.0,2025-02-11 12:00:00,,,
297,34,2,COMPLETED,1350.0,2025-02-12 12:00:00,,,
298,16,1,COMPLETED,450.0,2025-02-03 12:00:00,,,
299,38,3,COMPLETED,1050.0,2025-02-04 12:00:00,,,
300,33,3,COMPLETED,1500.0,2025-02-21 12:00:00,,,
301,28,3,COMPLETED,2400.0,2025-02-08 12:00:00,,,
302,47,2,COMPLETED,350.0,2025-02-18 12:00:00,,,
303,12,1,COMPLETED,850.0,2025-01-29 12:00:00,,,
304,33,1,COMPLETED,2750.0,2025-02-04 12:00:00,,,
305,52,1,COMPLETED,550.0,2025-02-23 12:00:00,,,
306,54,3,COMPLETED,1200.0,2025-01-31 12:00:00,,,
307,30,3,COMPLETED,1800.0,2025-02-11 12:00:00,,,
308,5,2,COMPLETED,2000.0,2025-02-02 12:00:00,,,
309,5,2,COMPLETED,1150.0,2025-02-17 12:00:00,,,
310,26,3,COMPLETED,1200.0,2025-02-16 12:00:00,,,
311,53,2,COMPLETED,500.0,2025-01-28 12:00:00,,,
312,57,1,COMPLETED,550.0,2025-02-07 12:00:00,,,
313,49,3,COMPLETED,1650.0,2025-01-29 12:00:00,,,
314,3,1,COMPLETED,450.0,2025-02-03 12:00:00,,,
315,35,2,COMPLETED,2950.0,2025-02-06 12:00:00,,,
316,35,2,COMPLETED,2600.0,2025-02-15 12:00:00,,,
317,7,3,COMPLETED,500.0,2025-02-12 12:00:00,,,
318,16,1,COMPLETED,950.0,2025-02-13 12:00:00,,,
319,18,3,COMPLETED,1300.0,2025-02-12 12:00:00,,,
320,28,3,COMPLETED,1200.0,2025-02-13 12:00:00,,,
321,51,1,COMPLETED,400.0,2025-02-16 12:00:00,,,
322,33,3,COMPLETED,1500.0,2025-02-01 12:00:00,,,
323,39,3,COMPLETED,1800.0,2025-02-11 12:00:00,,,
324,9,3,COMPLETED,850.0,2025-02-26 12:00:00,,,
325,23,3,COMPLETED,2100.0,2025-02-10 12:00:00,,,
326,19,3,COMPLETED,850.0,2025-02-05 12:00:00,,,
327,50,1,COMPLETED,450.0,2025-01-28 12:00:00,,,
328,41,2,COMPLETED,450.0,2025-01-31 12:00:00,,,
329,11,3,COMPLETED,1600.0,2025-02-14 12:00:00,,,
330,8,1,COMPLETED,450.0,2025-02-22 12:00:00,,,
331,43,2,COMPLETED,600.0,2025-01-29 12:00:00,,,
332,16,2,COMPLETED,2150.0,2025-02-10 12:00:00,,,
333,33,2,COMPLETED,2950.0,2025-02-21 12:00:00,,,
334,40,3,COMPLETED,1800.0,2025-02-08 12:00:00,,,
335,50,1,COMPLETED,450.0,2025-02-25 12:00:00,,,
336,35,2,COMPLETED,1900.0,2025-02-03 12:00:00,,,
337,38,1,COMPLETED,1850.0,2025-01-29 12:00:00,,,
338,18,1,COMPLETED,850.0,2025-02-25 12:00:00,,,
339,30,1,COMPLETED,1550.0,2025-02-08 12:00:00,,,
340,45,3,COMPLETED,1650.0,2025-01-28 12:00:00,,,
341,20,2,COMPLETED,400.0,2025-02-18 12:00:00,,,
342,6,1,COMPLETED,1100.0,2025-02-15 12:00:00,,,
343,15,3,COMPLETED,500.0,2025-02-22 12:00:00,,,
344,35,1,COMPLETED,1850.0,2025-02-04 12:00:00,,,
345,19,1,COMPLETED,850.0,2025-01-29 12:00:00,,,
346,13,2,COMPLETED,900.0,2025-02-25 12:00:00,,,
347,53,2,COMPLETED,950.0,2025-02-12 12:00:00,,,
348,51,2,COMPLETED,450.0,2025-01-31 12:00:00,,,
349,22,2,COMPLETED,3750.0,2025-02-09 12:00:00,,,
350,31,3,COMPLETED,1800.0,2025-02-18 12:00:00,,,
351,41,1,COMPLETED,550.0,2025-01-28 12:00:00,,,
352,21,3,COMPLETED,1200.0,2025-02-04 12:00:00,,,
353,31,1,COMPLETED,1550.0,2025-02-22 12:00:00,,,
354,28,2,COMPLETED,1600.0,2025-02-11 12:00:00,,,
355,10,3,COMPLETED,1100.0,2025-02-04 12:00:00,,,
356,50,2,COMPLETED,500.0,2025-02-05 12:00:00,,,
357,23,3,COMPLETED,700.0,2025-01-28 12:00:00,,,
358,44,3,COMPLETED,750.0,2025-02-26 12:00:00,,,
359,47,3,COMPLETED,2300.0,2025-02-09 12:00:00,,,
360,38,2,COMPLETED,3750.0,2025-02-01 12:00:00,,,
361,57,1,COMPLETED,550.0,2025-02-26 12:00:00,,,
362,10,3,COMPLETED,1400.0,2025-02-14 12:00:00,,,
363,53,3,COMPLETED,1650.0,2025-02-25 12:00:00,,,
364,20,2,COMPLETED,400.0,2025-02-11 12:00:00,,,
365,11,3,COMPLETED,500.0,2025-02-16 12:00:00,,,
366,47,3,COMPLETED,2300.0,2025-02-07 12:00:00,,,
367,15,2,COMPLETED,950.0,2025-02-20 12:00:00,,,
368,18,1,COMPLETED,1100.0,2025-02-20 12:00:00,,,
369,20,2,COMPLETED,2250.0,2025-01-29 12:00:00,,,
370,8,3,COMPLETED,1000.0,2025-02-15 12:00:00,,,
371,58,3,COMPLETED,1800.0,2025-02-18 12:00:00,,,
372,21,2,COMPLETED,1900.0,2025-02-19 12:00:00,,,
373,33,3,COMPLETED,1200.0,2025-02-06 12:00:00,,,
374,36,1,COMPLETED,1850.0,2025-02-06 12:00:00,,,
375,4,2,COMPLETED,1050.0,2025-02-05 12:00:00,,,
376,1,2,COMPLETED,900.0,2025-01-30 12:00:00,,,
377,53,2,COMPLETED,600.0,2025-02-21 12:00:00,,,
378,20,2,COMPLETED,1050.0,2025-01-30 12:00:00,,,
379,33,3,COMPLETED,2400.0,2025-01-29 12:00:00,,,
380,53,1,COMPLETED,600.0,2025-01-30 12:00:00,,,
381,30,3,COMPLETED,1800.0,2025-01-29 12:00:00,,,
382,1,2,COMPLETED,950.0,2025-02-23 12:00:00,,,
383,18,3,COMPLETED,850.0,2025-02-10 12:00:00,,,
384,52,2,COMPLETED,350.0,2025-02-21 12:00:00,,,
385,10,2,COMPLETED,1050.0,2025-02-19 12:00:00,,,
386,45,3,COMPLETED,1700.0,2025-02-09 12:00:00,,,
387,54,3,COMPLETED,2250.0,2025-02-11 12:00:00,,,
388,9,1,COMPLETED,450.0,2025-02-19 12:00:00,,,
389,15,3,COMPLETED,500.0,2025-01-29 12:00:00,,,
390,1,2,COMPLETED,2150.0,2025-02-06 12:00:00,,,
391,19,2,COMPLETED,950.0,2025-02-11 12:00:00,,,
392,43,1,COMPLETED,600.0,2025-02-23 12:00:00,,,
393,18,2,COMPLETED,1050.0,2025-02-20 12:00:00,,,
394,10,3,COMPLETED,850.0,2025-02-08 12:00:00,,,
395,29,2,COMPLETED,1600.0,2025-02-07 12:00:00,,,
396,53,1,COMPLETED,450.0,2025-02-13 12:00:00,,,
397,5,2,COMPLETED,900.0,2025-02-25 12:00:00,,,
398,31,2,COMPLETED,1600.0,2025-02-22 12:00:00,,,
399,7,1,COMPLETED,1200.0,2025-02-09 12:00:00,,,
400,31,3,COMPLETED,1300.0,2025-02-13 12:00:00,,,
401,4,2,COMPLETED,2250.0,2025-02-02 12:00:00,,,
402,49,3,COMPLETED,2250.0,2025-02-09 12:00:00,,,
403,60,3,COMPLETED,1850.0,2025-02-24 12:00:00,,,
404,25,3,COMPLETED,1800.0,2025-02-04 12:00:00,,,
405,26,3,COMPLETED,1800.0,2025-02-15 12:00:00,,,
406,23,3,COMPLETED,700.0,2025-02-07 12:00:00,,,
407,21,1,COMPLETED,1850.0,2025-02-10 12:00:00,,,
408,14,1,COMPLETED,450.0,2025-02-26 12:00:00,,,
409,41,2,COMPLETED,600.0,2025-02-11 12:00:00,,,
410,15,2,COMPLETED,950.0,2025-02-18 12:00:00,,,
411,44,1,COMPLETED,900.0,2025-02-02 12:00:00,,,
412,54,1,COMPLETED,400.0,2025-02-20 12:00:00,,,
413,3,2,COMPLETED,1050.0,2025-02-05 12:00:00,,,
414,25,1,COMPLETED,2850.0,2025-02-20 12:00:00,,,
415,31,1,COMPLETED,2550.0,2025-02-02 12:00:00,,,
416,41,1,COMPLETED,400.0,2025-02-17 12:00:00,,,
417,40,1,COMPLETED,1500.0,2025-02-17 12:00:00,,,
418,53,3,COMPLETED,1950.0,2025-02-08 12:00:00,,,
419,57,3,COMPLETED,2400.0,2025-02-03 12:00:00,,,
420,23,3,COMPLETED,2400.0,2025-02-12 12:00:00,,,
421,43,3,COMPLETED,750.0,2025-01-30 12:00:00,,,
422,9,1,COMPLETED,1100.0,2025-02-20 12:00:00,,,
423,56,3,COMPLETED,1700.0,2025-02-24 12:00:00,,,
424,17,3,COMPLETED,1600.0,2025-02-08 12:00:00,,,
425,46,3,COMPLETED,1350.0,2025-02-10 12:00:00,,,
426,58,1,COMPLETED,1850.0,2025-01-29 12:00:00,,,
427,60,2,COMPLETED,450.0,2025-02-19 12:00:00,,,
428,13,3,COMPLETED,2000.0,2025-02-10 12:00:00,,,
429,33,2,COMPLETED,1900.0,2025-02-19 12:00:00,,,
430,6,3,COMPLETED,1000.0,2025-02-12 12:00:00,,,
431,23,2,COMPLETED,2700.0,2025-02-10 12:00:00,,,
432,57,2,COMPLETED,350.0,2025-02-14 12:00:00,,,
433,20,2,COMPLETED,900.0,2025-02-01 12:00:00,,,
434,42,1,COMPLETED,600.0,2025-02-02 12:00:00,,,
435,30,1,COMPLETED,2750.0,2025-02-03 12:00:00,,,
436,56,2,COMPLETED,1450.0,2025-02-07 12:00:00,,,
437,51,3,COMPLETED,1700.0,2025-02-06 12:00:00,,,
438,14,3,COMPLETED,850.0,2025-02-26 12:00:00,,,
439,23,2,COMPLETED,2600.0,2025-02-06 12:00:00,,,
440,1,2,COMPLETED,900.0,2025-02-26 12:00:00,,,
441,17,3,COMPLETED,1000.0,2025-02-26 12:00:00,,,
442,41,3,COMPLETED,2250.0,2025-01-30 12:00:00,,,
443,12,2,COMPLETED,1500.0,2025-02-02 12:00:00,,,
444,23,2,COMPLETED,2950.0,2025-02-10 12:00:00,,,
445,51,2,COMPLETED,1550.0,2025-02-01 12:00:00,,,
446,23,2,COMPLETED,2650.0,2025-02-25 12:00:00,,,
447,30,2,COMPLETED,1750.0,2025-02-03 12:00:00,,,
448,32,1,COMPLETED,1600.0,2025-02-20 12:00:00,,,
449,29,1,COMPLETED,1600.0,2025-02-24 12:00:00,,,
450,34,1,COMPLETED,300.0,2025-01-30 12:00:00,,,
451,46,3,COMPLETED,2250.0,2025-02-15 12:00:00,,,
452,51,2,COMPLETED,500.0,2025-01-31 12:00:00,,,
453,9,3,COMPLETED,850.0,2025-02-05 12:00:00,,,
454,4,2,COMPLETED,400.0,2025-02-01 12:00:00,,,
455,58,2,COMPLETED,1450.0,2025-02-03 12:00:00,,,
456,60,2,COMPLETED,600.0,2025-02-16 12:00:00,,,
457,26,3,COMPLETED,1200.0,2025-02-07 12:00:00,,,
458,48,3,COMPLETED,1650.0,2025-02-24 12:00:00,,,
459,39,3,COMPLETED,1200.0,2025-02-17 12:00:00,,,
460,1,1,COMPLETED,450.0,2025-02-16 12:00:00,,,
461,8,1,COMPLETED,850.0,2025-02-13 12:00:00,,,
462,25,1,COMPLETED,2750.0,2025-02-16 12:00:00,,,
463,20,2,COMPLETED,400.0,2025-02-18 12:00:00,,,
464,6,3,COMPLETED,1000.0,2025-01-30 12:00:00,,,
465,11,2,COMPLETED,400.0,2025-02-22 12:00:00,,,
466,30,1,COMPLETED,1850.0,2025-02-13 12:00:00,,,
467,5,1,COMPLETED,1100.0,2025-02-19 12:00:00,,,
468,36,1,COMPLETED,300.0,2025-02-23 12:00:00,,,
469,20,2,COMPLETED,1500.0,2025-02-02 12:00:00,,,
470,49,3,COMPLETED,1650.0,2025-01-28 12:00:00,,,
471,13,1,COMPLETED,2200.0,2025-01-29 12:00:00,,,
472,42,2,COMPLETED,1600.0,2025-02-09 12:00:00,,,
473,49,2,COMPLETED,950.0,2025-02-23 12:00:00,,,
474,36,2,COMPLETED,650.0,2025-02-06 12:00:00,,,
475,43,2,COMPLETED,450.0,2025-02-18 12:00:00,,,
476,50,3,COMPLETED,2550.0,2025-02-14 12:00:00,,,
477,40,3,COMPLETED,1200.0,2025-02-03 12:00:00,,,
478,29,2,COMPLETED,2950.0,2025-02-11 12:00:00,,,
479,33,3,COMPLETED,1800.0,2025-02-16 12:00:00,,,
480,33,2,COMPLETED,2600.0,2025-02-24 12:00:00,,,
481,22,2,COMPLETED,2950.0,2025-02-25 12:00:00,,,
482,24,3,COMPLETED,1300.0,2025-01-29 12:00:00,,,
483,16,2,COMPLETED,900.0,2025-02-11 12:00:00,,,
484,35,2,COMPLETED,2600.0,2025-02-15 12:00:00,,,
485,31,2,COMPLETED,2650.0,2025-02-26 12:00:00,,,
486,58,1,COMPLETED,400.0,2025-01-29 12:00:00,,,
487,28,1,COMPLETED,1850.0,2025-02-12 12:00:00,,,
488,42,1,COMPLETED,600.0,2025-02-17 12:00:00,,,
489,7,3,COMPLETED,2000.0,2025-02-07 12:00:00,,,
490,60,1,COMPLETED,400.0,2025-02-21 12:00:00,,,
491,34,3,COMPLETED,700.0,2025-02-20 12:00:00,,,
492,12,2,COMPLETED,1050.0,2025-02-14 12:00:00,,,
493,37,1,COMPLETED,1550.0,2025-02-09 12:00:00,,,
494,13,3,COMPLETED,1900.0,2025-02-02 12:00:00,,,
495,53,1,COMPLETED,900.0,2025-02-17 12:00:00,,,
496,16,3,COMPLETED,1400.0,2025-02-11 12:00:00,,,
497,37,2,COMPLETED,2950.0,2025-02-16 12:00:00,,,
498,49,3,COMPLETED,1700.0,2025-02-18 12:00:00,,,
499,9,1,COMPLETED,1200.0,2025-02-17 12:00:00,,,
500,42,2,COMPLETED,350.0,2025-02-14 12:00:00,,,
501,24,1,COMPLETED,2550.0,2025-02-07 12:00:00,,,
502,60,2,COMPLETED,350.0,2025-02-12 12:00:00,,,
503,19,2,COMPLETED,400.0,2025-02-25 12:00:00,,,
504,1,1,COMPLETED,950.0,2025-02-02 12:00:00,,,
505,30,3,COMPLETED,2400.0,2025-02-14 12:00:00,,,
506,5,1,COMPLETED,1700.0,2025-02-04 12:00:00,,,
507,33,1,COMPLETED,2550.0,2025-02-13 12:00:00,,,
508,33,1,COMPLETED,2550.0,2025-02-23 12:00:00,,,
509,23,3,COMPLETED,1500.0,2025-02-25 12:00:00,,,
510,33,3,COMPLETED,1800.0,2025-02-23 12:00:00,,,
511,46,1,COMPLETED,900.0,2025-01-28 12:00:00,,,
512,50,2,COMPLETED,1550.0,2025-01-28 12:00:00,,,
513,49,2,COMPLETED,450.0,2025-02-16 12:00:00,,,
514,38,1,COMPLETED,1550.0,2025-02-22 12:00:00,,,
515,4,2,COMPLETED,900.0,2025-02-18 12:00:00,,,
516,20,3,COMPLETED,500.0,2025-02-18 12:00:00,,,
517,52,3,COMPLETED,450.0,2025-02-06 12:00:00,,,
518,56,3,COMPLETED,1050.0,2025-01-31 12:00:00,,,
519,43,3,COMPLETED,1700.0,2025-02-04 12:00:00,,,
520,17,2,COMPLETED,1150.0,2025-02-13 12:00:00,,,
521,53,1,COMPLETED,550.0,2025-02-11 12:00:00,,,
522,57,2,COMPLETED,1600.0,2025-01-29 12:00:00,,,
523,47,3,COMPLETED,2550.0,2025-02-05 12:00:00,,,
524,4,2,COMPLETED,900.0,2025-02-20 12:00:00,,,
525,13,1,COMPLETED,450.0,2025-02-02 12:00:00,,,
526,34,2,COMPLETED,2600.0,2025-02-16 12:00:00,,,
527,6,3,COMPLETED,1300.0,2025-02-13 12:00:00,,,
528,27,1,COMPLETED,2800.0,2025-01-29 12:00:00,,,
529,39,1,COMPLETED,2800.0,2025-01-30 12:00:00,,,
530,23,3,COMPLETED,450.0,2025-02-22 12:00:00,,,
531,19,3,COMPLETED,1400.0,2025-02-19 12:00:00,,,
532,43,1,COMPLETED,400.0,2025-02-12 12:00:00,,,
533,14,3,COMPLETED,1400.0,2025-02-26 12:00:00,,,
534,50,3,COMPLETED,2250.0,2025-02-14 12:00:00,,,
535,44,1,COMPLETED,600.0,2025-02-17 12:00:00,,,
536,9,3,COMPLETED,1300.0,2025-02-04 12:00:00,,,
537,9,2,COMPLETED,1150.0,2025-02-26 12:00:00,,,
538,27,3,COMPLETED,1800.0,2025-02-08 12:00:00,,,
539,42,3,COMPLETED,1650.0,2025-02-24 12:00:00,,,
540,36,2,COMPLETED,2700.0,2025-01-29 12:00:00,,,
541,6,2,COMPLETED,1150.0,2025-02-08 12:00:00,,,
542,42,3,COMPLETED,1800.0,2025-02-07 12:00:00,,,
543,45,1,COMPLETED,600.0,2025-02-25 12:00:00,,,
544,58,2,COMPLETED,950.0,2025-02-23 12:00:00,,,
545,36,2,COMPLETED,2800.0,2025-01-28 12:00:00,,,
546,52,2,COMPLETED,450.0,2025-02-16 12:00:00,,,
547,46,3,COMPLETED,2250.0,2025-02-03 12:00:00,,,
548,3,1,COMPLETED,850.0,2025-02-03 12:00:00,,,
549,31,2,COMPLETED,2650.0,2025-02-05 12:00:00,,,
550,17,1,COMPLETED,450.0,2025-02-11 12:00:00,,,
551,49,2,COMPLETED,450.0,2025-02-15 12:00:00,,,
552,51,3,COMPLETED,1700.0,2025-02-25 12:00:00,,,
553,51,1,COMPLETED,900.0,2025-02-24 12:00:00,,,
554,28,2,COMPLETED,2600.0,2025-02-17 12:00:00,,,
555,8,3,COMPLETED,1300.0,2025-02-05 12:00:00,,,
556,32,3,COMPLETED,1800.0,2025-02-05 12:00:00,,,
557,47,1,COMPLETED,1700.0,2025-01-31 12:00:00,,,
558,49,1,COMPLETED,450.0,2025-02-25 12:00:00,,,
559,35,1,COMPLETED,1550.0,2025-02-13 12:00:00,,,
560,35,2,COMPLETED,2650.0,2025-02-19 12:00:00,,,
561,44,1,COMPLETED,400.0,2025-02-11 12:00:00,,,
562,52,1,COMPLETED,550.0,2025-02-12 12:00:00,,,
563,10,3,COMPLETED,850.0,2025-02-01 12:00:00,,,
564,45,2,COMPLETED,950.0,2025-02-17 12:00:00,,,
565,44,1,COMPLETED,550.0,2025-02-24 12:00:00,,,
566,31,3,COMPLETED,1800.0,2025-02-21 12:00:00,,,
567,59,3,COMPLETED,1950.0,2025-02-24 12:00:00,,,
568,51,1,COMPLETED,400.0,2025-02-10 12:00:00,,,
569,13,2,COMPLETED,1150.0,2025-02-17 12:00:00,,,
570,28,2,COMPLETED,2600.0,2025-02-12 12:00:00,,,
571,55,3,COMPLETED,1650.0,2025-02-19 12:00:00,,,
572,14,2,COMPLETED,950.0,2025-02-01 12:00:00,,,
573,1,2,COMPLETED,2250.0,2025-02-01 12:00:00,,,
574,32,1,COMPLETED,1500.0,2025-02-12 12:00:00,,,
575,43,1,COMPLETED,600.0,2025-01-30 12:00:00,,,
576,43,2,COMPLETED,1450.0,2025-01-28 12:00:00,,,
577,9,3,COMPLETED,850.0,2025-02-24 12:00:00,,,
578,27,3,COMPLETED,450.0,2025-02-19 12:00:00,,,
579,19,3,COMPLETED,2000.0,2025-02-05 12:00:00,,,
580,17,1,COMPLETED,1100.0,2025-02-20 12:00:00,,,
581,36,1,COMPLETED,1850.0,2025-02-22 12:00:00,,,
582,33,3,COMPLETED,450.0,2025-02-20 12:00:00,,,
583,16,1,COMPLETED,1100.0,2025-02-22 12:00:00,,,
584,50,3,COMPLETED,1850.0,2025-02-25 12:00:00,,,
585,6,1,COMPLETED,850.0,2025-02-16 12:00:00,,,
586,41,1,COMPLETED,400.0,2025-01-28 12:00:00,,,
587,28,3,COMPLETED,700.0,2025-02-19 12:00:00,,,
588,49,1,COMPLETED,600.0,2025-02-26 12:00:00,,,
589,59,1,COMPLETED,550.0,2025-02-02 12:00:00,,,
590,39,2,COMPLETED,2950.0,2025-02-19 12:00:00,,,
591,4,3,COMPLETED,1300.0,2025-02-13 12:00:00,,,
592,50,1,COMPLETED,900.0,2025-02-25 12:00:00,,,
593,11,2,COMPLETED,1500.0,2025-02-02 12:00:00,,,
594,41,1,COMPLETED,400.0,2025-02-20 12:00:00,,,
595,17,3,COMPLETED,1400.0,2025-02-25 12:00:00,,,
596,15,1,COMPLETED,850.0,2025-02-14 12:00:00,,,
597,4,1,COMPLETED,1200.0,2025-02-22 12:00:00,,,
598,54,2,COMPLETED,600.0,2025-02-08 12:00:00,,,
599,60,3,COMPLETED,1950.0,2025-02-16 12:00:00,,,
600,55,2,COMPLETED,350.0,2025-02-15 12:00:00,,,
601,20,1,COMPLETED,2350.0,2025-01-31 12:00:00,,,
602,60,2,COMPLETED,600.0,2025-02-03 12:00:00,,,
603,7,2,COMPLETED,950.0,2025-02-19 12:00:00,,,
604,56,1,COMPLETED,550.0,2025-01-28 12:00:00,,,
605,48,2,COMPLETED,1700.0,2025-02-01 12:00:00,,,
606,36,3,COMPLETED,2400.0,2025-02-06 12:00:00,,,
607,43,3,COMPLETED,1950.0,2025-02-10 12:00:00,,,
608,53,2,COMPLETED,950.0,2025-02-17 12:00:00,,,
609,6,1,COMPLETED,850.0,2025-02-20 12:00:00,,,
610,1,3,COMPLETED,1300.0,2025-02-20 12:00:00,,,
611,44,3,COMPLETED,1800.0,2025-02-01 12:00:00,,,
612,56,3,COMPLETED,1250.0,2025-02-01 12:00:00,,,
613,57,2,COMPLETED,500.0,2025-02-23 12:00:00,,,
614,9,1,COMPLETED,1100.0,2025-01-29 12:00:00,,,
615,39,1,COMPLETED,1300.0,2025-01-28 12:00:00,,,
616,14,2,COMPLETED,400.0,2025-02-21 12:00:00,,,
617,42,1,COMPLETED,600.0,2025-02-05 12:00:00,,,
618,24,3,COMPLETED,1200.0,2025-01-29 12:00:00,,,
619,56,3,COMPLETED,750.0,2025-02-20 12:00:00,,,
620,9,3,COMPLETED,1000.0,2025-02-19 12:00:00,,,
621,11,3,COMPLETED,1400.0,2025-02-24 12:00:00,,,
622,39,3,COMPLETED,1050.0,2025-02-13 12:00:00,,,
623,5,1,COMPLETED,1200.0,2025-02-23 12:00:00,,,
624,24,3,COMPLETED,2400.0,2025-01-28 12:00:00,,,
625,23,2,COMPLETED,650.0,2025-02-23 12:00:00,,,
626,40,3,COMPLETED,1200.0,2025-02-22 12:00:00,,,
627,51,1,COMPLETED,600.0,2025-02-17 12:00:00,,,
628,5,1,COMPLETED,1100.0,2025-02-15 12:00:00,,,
629,33,3,COMPLETED,700.0,2025-02-24 12:00:00,,,
630,37,2,COMPLETED,2950.0,2025-02-26 12:00:00,,,
631,54,1,COMPLETED,550.0,2025-02-23 12:00:00,,,
632,12,3,COMPLETED,2000.0,2025-02-05 12:00:00,,,
633,17,1,COMPLETED,850.0,2025-02-25 12:00:00,,,
634,51,1,COMPLETED,900.0,2025-02-16 12:00:00,,,
635,18,2,COMPLETED,2150.0,2025-02-08 12:00:00,,,
636,11,1,COMPLETED,950.0,2025-02-24 12:00:00,,,
637,19,2,COMPLETED,1150.0,2025-02-12 12:00:00,,,
638,6,2,COMPLETED,950.0,2025-02-21 12:00:00,,,
639,23,2,COMPLETED,1900.0,2025-02-19 12:00:00,,,
640,17,1,COMPLETED,2350.0,2025-02-04 12:00:00,,,
641,21,2,COMPLETED,1900.0,2025-01-28 12:00:00,,,
642,50,2,COMPLETED,600.0,2025-02-10 12:00:00,,,
643,53,2,COMPLETED,600.0,2025-02-24 12:00:00,,,
644,43,2,COMPLETED,600.0,2025-01-30 12:00:00,,,
645,38,1,COMPLETED,1500.0,2025-02-04 12:00:00,,,
646,49,1,COMPLETED,600.0,2025-02-14 12:00:00,,,
647,27,3,COMPLETED,2400.0,2025-02-08 12:00:00,,,
648,55,3,COMPLETED,1800.0,2025-02-24 12:00:00,,,
649,20,1,COMPLETED,950.0,2025-02-13 12:00:00,,,
650,48,2,COMPLETED,950.0,2025-02-11 12:00:00,,,
651,25,1,COMPLETED,1300.0,2025-02-09 12:00:00,,,
652,56,2,COMPLETED,500.0,2025-02-23 12:00:00,,,
653,33,2,COMPLETED,1600.0,2025-02-14 12:00:00,,,
654,37,1,COMPLETED,2750.0,2025-02-18 12:00:00,,,
655,42,1,COMPLETED,1800.0,2025-01-31 12:00:00,,,
656,45,3,COMPLETED,2250.0,2025-01-31 12:00:00,,,
657,17,2,COMPLETED,1050.0,2025-02-06 12:00:00,,,
658,9,3,COMPLETED,1600.0,2025-02-13 12:00:00,,,
659,26,2,COMPLETED,1600.0,2025-02-21 12:00:00,,,
660,45,3,COMPLETED,2450.0,2025-01-31 12:00:00,,,
661,19,2,COMPLETED,950.0,2025-02-22 12:00:00,,,
662,53,1,COMPLETED,600.0,2025-02-21 12:00:00,,,
663,51,1,COMPLETED,600.0,2025-02-13 12:00:00,,,
664,43,1,COMPLETED,900.0,2025-02-02 12:00:00,,,
665,8,1,COMPLETED,850.0,2025-02-15 12:00:00,,,
666,11,3,COMPLETED,1100.0,2025-02-09 12:00:00,,,
667,54,3,COMPLETED,2400.0,2025-02-06 12:00:00,,,
668,35,3,COMPLETED,1500.0,2025-02-01 12:00:00,,,
669,17,2,COMPLETED,1150.0,2025-02-26 12:00:00,,,
670,47,1,COMPLETED,450.0,2025-01-30 12:00:00,,,
671,1,1,COMPLETED,450.0,2025-02-02 12:00:00,,,
672,39,2,COMPLETED,1600.0,2025-02-15 12:00:00,,,
673,29,3,COMPLETED,1050.0,2025-02-02 12:00:00,,,
674,31,2,COMPLETED,1600.0,2025-02-01 12:00:00,,,
675,18,1,COMPLETED,950.0,2025-02-25 12:00:00,,,
676,39,3,COMPLETED,1500.0,2025-02-19 12:00:00,,,
677,54,1,COMPLETED,450.0,2025-02-22 12:00:00,,,
678,54,3,COMPLETED,1700.0,2025-02-02 12:00:00,,,
679,44,2,COMPLETED,500.0,2025-01-28 12:00:00,,,
680,24,1,COMPLETED,1850.0,2025-02-05 12:00:00,,,
681,14,2,COMPLETED,950.0,2025-02-03 12:00:00,,,
682,31,3,COMPLETED,2400.0,2025-02-01 12:00:00,,,
683,6,1,COMPLETED,950.0,2025-02-19 12:00:00,,,
684,46,1,COMPLETED,550.0,2025-02-06 12:00:00,,,
685,6,2,COMPLETED,400.0,2025-02-04 12:00:00,,,
686,20,1,COMPLETED,950.0,2025-02-18 12:00:00,,,
687,29,3,COMPLETED,2400.0,2025-02-09 12:00:00,,,
688,54,2,COMPLETED,1600.0,2025-01-31 12:00:00,,,
689,4,3,COMPLETED,500.0,2025-02-22 12:00:00,,,
690,25,2,COMPLETED,1900.0,2025-01-30 12:00:00,,,
691,47,2,COMPLETED,350.0,2025-02-08 12:00:00,,,
692,1,1,COMPLETED,1200.0,2025-02-04 12:00:00,,,
693,30,3,COMPLETED,1500.0,2025-02-24 12:00:00,,,
694,39,2,COMPLETED,2700.0,2025-01-29 12:00:00,,,
695,23,1,COMPLETED,2850.0,2025-02-17 12:00:00,,,
696,41,2,COMPLETED,450.0,2025-02-19 12:00:00,,,
697,21,1,COMPLETED,1850.0,2025-02-15 12:00:00,,,
698,50,1,COMPLETED,450.0,2025-02-18 12:00:00,,,
699,36,2,COMPLETED,2950.0,2025-01-31 12:00:00,,,
700,22,1,COMPLETED,4100.0,2025-01-29 12:00:00,,,
701,44,1,COMPLETED,2150.0,2025-02-04 12:00:00,,,
702,22,2,COMPLETED,2950.0,2025-02-25 12:00:00,,,
703,33,1,COMPLETED,3800.0,2025-01-28 12:00:00,,,
704,42,2,COMPLETED,950.0,2025-02-15 12:00:00,,,
705,29,1,COMPLETED,2550.0,2025-02-06 12:00:00,,,
706,40,2,COMPLETED,2600.0,2025-02-18 12:00:00,,,
707,50,1,COMPLETED,1650.0,2025-02-05 12:00:00,,,
708,7,1,COMPLETED,450.0,2025-02-21 12:00:00,,,
709,32,1,COMPLETED,1550.0,2025-02-05 12:00:00,,,
710,13,3,COMPLETED,1300.0,2025-02-17 12:00:00,,,
711,41,3,COMPLETED,2300.0,2025-02-01 12:00:00,,,
712,31,3,COMPLETED,450.0,2025-02-23 12:00:00,,,
713,14,3,COMPLETED,850.0,2025-02-18 12:00:00,,,
714,6,1,COMPLETED,450.0,2025-02-25 12:00:00,,,
715,49,1,COMPLETED,400.0,2025-02-04 12:00:00,,,
716,3,3,COMPLETED,1900.0,2025-02-07 12:00:00,,,
717,27,2,COMPLETED,3750.0,2025-01-31 12:00:00,,,
718,25,3,COMPLETED,450.0,2025-02-18 12:00:00,,,
719,52,3,COMPLETED,1700.0,2025-02-07 12:00:00,,,
720,4,3,COMPLETED,850.0,2025-02-22 12:00:00,,,
721,36,3,COMPLETED,1800.0,2025-02-06 12:00:00,,,
722,22,1,COMPLETED,1600.0,2025-02-06 12:00:00,,,
723,8,3,COMPLETED,850.0,2025-02-23 12:00:00,,,
724,3,1,COMPLETED,1100.0,2025-02-17 12:00:00,,,
725,41,3,COMPLETED,750.0,2025-02-09 12:00:00,,,
726,21,2,COMPLETED,3750.0,2025-02-05 12:00:00,,,
727,21,3,COMPLETED,1800.0,2025-02-15 12:00:00,,,
728,60,1,COMPLETED,400.0,2025-02-07 12:00:00,,,
729,51,3,COMPLETED,2250.0,2025-01-31 12:00:00,,,
730,59,1,COMPLETED,450.0,2025-02-20 12:00:00,,,
731,25,1,COMPLETED,2850.0,2025-02-13 12:00:00,,,
732,52,2,COMPLETED,950.0,2025-02-23 12:00:00,,,
733,40,1,COMPLETED,1850.0,2025-02-14 12:00:00,,,
734,6,2,COMPLETED,400.0,2025-02-08 12:00:00,,,
735,13,3,COMPLETED,1100.0,2025-01-29 12:00:00,,,
736,14,2,COMPLETED,1150.0,2025-02-10 12:00:00,,,
737,40,3,COMPLETED,1500.0,2025-02-23 12:00:00,,,
738,14,2,COMPLETED,2050.0,2025-02-02 12:00:00,,,
739,32,3,COMPLETED,1200.0,2025-02-25 12:00:00,,,
740,9,3,COMPLETED,1300.0,2025-02-05 12:00:00,,,
741,12,3,COMPLETED,850.0,2025-02-15 12:00:00,,,
742,44,1,COMPLETED,600.0,2025-02-14 12:00:00,,,
743,51,2,COMPLETED,950.0,2025-02-03 12:00:00,,,
744,58,1,COMPLETED,900.0,2025-02-12 12:00:00,,,
745,3,3,COMPLETED,850.0,2025-02-01 12:00:00,,,
746,56,1,COMPLETED,450.0,2025-02-09 12:00:00,,,
747,8,2,COMPLETED,950.0,2025-02-08 12:00:00,,,
748,24,3,COMPLETED,2100.0,2025-01-30 12:00:00,,,
749,58,3,COMPLETED,1650.0,2025-02-13 12:00:00,,,
750,45,1,COMPLETED,600.0,2025-02-05 12:00:00,,,
751,57,2,COMPLETED,450.0,2025-02-20 12:00:00,,,
752,18,2,COMPLETED,950.0,2025-02-06 12:00:00,,,
753,58,2,COMPLETED,1600.0,2025-02-06 12:00:00,,,
754,22,2,COMPLETED,2600.0,2025-02-09 12:00:00,,,
755,51,1,COMPLETED,600.0,2025-02-01 12:00:00,,,
756,2,1,COMPLETED,1200.0,2025-02-06 12:00:00,,,
757,46,1,COMPLETED,550.0,2025-02-18 12:00:00,,,
758,51,3,COMPLETED,1700.0,2025-02-18 12:00:00,,,
759,49,1,COMPLETED,450.0,2025-01-31 12:00:00,,,
760,45,2,COMPLETED,450.0,2025-02-19 12:00:00,,,
761,48,1,COMPLETED,600.0,2025-02-07 12:00:00,,,
762,24,3,COMPLETED,450.0,2025-01-28 12:00:00,,,
763,1,1,COMPLETED,1100.0,2025-02-08 12:00:00,,,
764,53,3,COMPLETED,1700.0,2025-01-30 12:00:00,,,
765,33,2,COMPLETED,4050.0,2025-02-03 12:00:00,,,
766,41,1,COMPLETED,900.0,2025-02-21 12:00:00,,,
767,23,2,COMPLETED,3750.0,2025-02-10 12:00:00,,,
768,20,3,COMPLETED,1300.0,2025-02-22 12:00:00,,,
769,20,1,COMPLETED,1100.0,2025-01-30 12:00:00,,,
770,30,2,COMPLETED,2600.0,2025-02-16 12:00:00,,,
771,14,1,COMPLETED,850.0,2025-02-24 12:00:00,,,
772,25,2,COMPLETED,1600.0,2025-02-24 12:00:00,,,
773,20,2,COMPLETED,1150.0,2025-02-20 12:00:00,,,
774,32,3,COMPLETED,2400.0,2025-02-02 12:00:00,,,
775,41,2,COMPLETED,450.0,2025-01-30 12:00:00,,,
776,58,3,COMPLETED,650.0,2025-02-17 12:00:00,,,
777,24,2,COMPLETED,2950.0,2025-02-18 12:00:00,,,
778,23,3,COMPLETED,1200.0,2025-02-13 12:00:00,,,
779,12,2,COMPLETED,1050.0,2025-01-29 12:00:00,,,
780,33,1,COMPLETED,2550.0,2025-02-25 12:00:00,,,
781,52,2,COMPLETED,950.0,2025-02-23 12:00:00,,,
782,43,3,COMPLETED,500.0,2025-02-03 12:00:00,,,
783,10,2,COMPLETED,1050.0,2025-02-17 12:00:00,,,
784,4,3,COMPLETED,1450.0,2025-02-10 12:00:00,,,
785,16,2,COMPLETED,2000.0,2025-02-08 12:00:00,,,
786,41,2,COMPLETED,450.0,2025-02-07 12:00:00,,,
787,36,3,COMPLETED,1800.0,2025-02-24 12:00:00,,,
788,7,3,COMPLETED,1300.0,2025-02-17 12:00:00,,,
789,46,2,COMPLETED,450.0,2025-02-15 12:00:00,,,
790,29,2,COMPLETED,1600.0,2025-02-22 12:00:00,,,
791,33,3,COMPLETED,1500.0,2025-02-22 12:00:00,,,
792,55,3,COMPLETED,600.0,2025-02-05 12:00:00,,,
793,34,1,COMPLETED,1850.0,2025-02-26 12:00:00,,,
794,57,1,COMPLETED,600.0,2025-02-04 12:00:00,,,
795,25,2,COMPLETED,2650.0,2025-02-11 12:00:00,,,
796,51,1,COMPLETED,450.0,2025-02-21 12:00:00,,,
797,52,3,COMPLETED,1850.0,2025-01-30 12:00:00,,,
798,18,1,COMPLETED,1100.0,2025-02-24 12:00:00,,,
799,30,1,COMPLETED,2550.0,2025-02-23 12:00:00,,,
800,38,3,COMPLETED,700.0,2025-02-17 12:00:00,,,
801,37,1,COMPLETED,1850.0,2025-02-09 12:00:00,,,
802,19,2,COMPLETED,400.0,2025-02-26 12:00:00,,,
803,14,3,COMPLETED,1600.0,2025-02-13 12:00:00,,,
804,44,3,COMPLETED,1800.0,2025-02-13 12:00:00,,,
805,11,2,COMPLETED,2050.0,2025-02-01 12:00:00,,,
806,33,1,COMPLETED,4000.0,2025-01-31 12:00:00,,,
807,31,1,COMPLETED,1850.0,2025-02-09 12:00:00,,,
808,55,2,COMPLETED,600.0,2025-02-10 12:00:00,,,
809,47,2,COMPLETED,450.0,2025-02-20 12:00:00,,,
810,44,1,COMPLETED,900.0,2025-02-13 12:00:00,,,
811,24,2,COMPLETED,2950.0,2025-02-07 12:00:00,,,
812,10,2,COMPLETED,1050.0,2025-02-13 12:00:00,,,
813,57,2,COMPLETED,450.0,2025-01-28 12:00:00,,,
814,22,1,COMPLETED,2750.0,2025-02-12 12:00:00,,,
815,3,1,COMPLETED,450.0,2025-01-30 12:00:00,,,
816,28,1,COMPLETED,1550.0,2025-01-28 12:00:00,,,
817,50,3,COMPLETED,1950.0,2025-02-19 12:00:00,,,
818,40,2,COMPLETED,4050.0,2025-02-07 12:00:00,,,
819,55,2,COMPLETED,600.0,2025-02-16 12:00:00,,,
820,30,2,COMPLETED,3000.0,2025-02-08 12:00:00,,,
821,5,2,COMPLETED,1050.0,2025-02-20 12:00:00,,,
822,22,3,COMPLETED,450.0,2025-02-23 12:00:00,,,
823,49,3,COMPLETED,2550.0,2025-02-12 12:00:00,,,
824,51,1,COMPLETED,900.0,2025-02-25 12:00:00,,,
825,10,2,COMPLETED,900.0,2025-02-25 12:00:00,,,
826,4,1,COMPLETED,950.0,2025-02-21 12:00:00,,,
827,36,2,COMPLETED,2600.0,2025-02-26 12:00:00,,,
828,18,1,COMPLETED,950.0,2025-02-13 12:00:00,,,
829,53,1,COMPLETED,450.0,2025-02-02 12:00:00,,,
830,50,1,COMPLETED,550.0,2025-02-07 12:00:00,,,
831,44,2,COMPLETED,950.0,2025-02-13 12:00:00,,,
832,14,2,COMPLETED,400.0,2025-02-23 12:00:00,,,
833,52,2,COMPLETED,350.0,2025-02-14 12:00:00,,,
834,6,2,COMPLETED,1050.0,2025-02-08 12:00:00,,,
835,31,1,COMPLETED,2750.0,2025-02-12 12:00:00,,,
836,50,3,COMPLETED,2300.0,2025-02-03 12:00:00,,,
837,3,2,COMPLETED,950.0,2025-02-20 12:00:00,,,
838,48,2,COMPLETED,450.0,2025-02-09 12:00:00,,,
839,42,1,COMPLETED,900.0,2025-02-22 12:00:00,,,
840,14,3,COMPLETED,1000.0,2025-02-18 12:00:00,,,
841,25,1,COMPLETED,3800.0,2025-02-05 12:00:00,,,
842,1,2,COMPLETED,1500.0,2025-02-06 12:00:00,,,
843,10,2,COMPLETED,950.0,2025-02-19 12:00:00,,,
844,26,2,COMPLETED,2600.0,2025-02-18 12:00:00,,,
845,25,3,COMPLETED,450.0,2025-02-12 12:00:00,,,
846,16,1,COMPLETED,1100.0,2025-02-16 12:00:00,,,
847,45,3,COMPLETED,1700.0,2025-02-07 12:00:00,,,
848,10,1,COMPLETED,450.0,2025-02-14 12:00:00,,,
849,34,3,COMPLETED,1200.0,2025-02-05 12:00:00,,,
850,1,1,COMPLETED,950.0,2025-02-22 12:00:00,,,
851,27,1,COMPLETED,2750.0,2025-02-20 12:00:00,,,
852,24,3,COMPLETED,700.0,2025-02-08 12:00:00,,,
853,36,3,COMPLETED,2100.0,2025-02-02 12:00:00,,,
854,13,2,COMPLETED,1500.0,2025-02-02 12:00:00,,,
855,36,2,COMPLETED,2650.0,2025-02-20 12:00:00,,,
856,15,1,COMPLETED,950.0,2025-02-22 12:00:00,,,
857,47,2,COMPLETED,950.0,2025-02-15 12:00:00,,,
858,32,3,COMPLETED,1200.0,2025-02-24 12:00:00,,,
859,18,3,COMPLETED,500.0,2025-01-30 12:00:00,,,
860,17,2,COMPLETED,950.0,2025-02-21 12:00:00,,,
861,35,1,COMPLETED,2750.0,2025-02-14 12:00:00,,,
862,18,3,COMPLETED,1000.0,2025-02-02 12:00:00,,,
863,49,2,COMPLETED,600.0,2025-02-06 12:00:00,,,
864,47,3,COMPLETED,1950.0,2025-01-29 12:00:00,,,
865,2,1,COMPLETED,1100.0,2025-02-24 12:00:00,,,
866,60,3,COMPLETED,600.0,2025-02-20 12:00:00,,,
867,31,1,COMPLETED,1550.0,2025-02-02 12:00:00,,,
868,50,1,COMPLETED,900.0,2025-01-30 12:00:00,,,
869,54,1,COMPLETED,450.0,2025-01-29 12:00:00,,,
870,30,1,COMPLETED,4100.0,2025-02-04 12:00:00,,,
871,15,2,COMPLETED,1050.0,2025-02-22 12:00:00,,,
872,56,3,COMPLETED,1700.0,2025-02-07 12:00:00,,,
873,3,2,COMPLETED,900.0,2025-02-08 12:00:00,,,
874,54,3,COMPLETED,1250.0,2025-02-12 12:00:00,,,
875,14,2,COMPLETED,1150.0,2025-02-25 12:00:00,,,
876,29,2,COMPLETED,1600.0,2025-02-11 12:00:00,,,
877,11,3,COMPLETED,850.0,2025-02-06 12:00:00,,,
878,1,1,COMPLETED,450.0,2025-02-09 12:00:00,,,
879,37,1,COMPLETED,1550.0,2025-02-10 12:00:00,,,
880,37,2,COMPLETED,1600.0,2025-02-12 12:00:00,,,
881,23,3,COMPLETED,1200.0,2025-02-18 12:00:00,,,
882,8,2,COMPLETED,1050.0,2025-02-20 12:00:00,,,
883,17,1,COMPLETED,450.0,2025-02-14 12:00:00,,,
884,9,3,COMPLETED,1000.0,2025-02-22 12:00:00,,,
885,11,2,COMPLETED,950.0,2025-01-28 12:00:00,,,
886,44,3,COMPLETED,1950.0,2025-02-17 12:00:00,,,
887,24,3,COMPLETED,1800.0,2025-02-25 12:00:00,,,
888,29,2,COMPLETED,1600.0,2025-02-13 12:00:00,,,
889,34,3,COMPLETED,1200.0,2025-02-19 12:00:00,,,
890,8,3,COMPLETED,1300.0,2025-01-29 12:00:00,,,
891,39,1,COMPLETED,1550.0,2025-02-03 12:00:00,,,
892,45,3,COMPLETED,2400.0,2025-02-15 12:00:00,,,
893,11,3,COMPLETED,1400.0,2025-02-16 12:00:00,,,
894,35,3,COMPLETED,1200.0,2025-02-24 12:00:00,,,
895,14,1,COMPLETED,450.0,2025-02-18 12:00:00,,,
896,39,1,COMPLETED,2850.0,2025-02-13 12:00:00,,,
897,36,3,COMPLETED,1800.0,2025-02-14 12:00:00,,,
898,44,2,COMPLETED,1550.0,2025-01-29 12:00:00,,,
899,11,1,COMPLETED,950.0,2025-02-25 12:00:00,,,
900,33,1,COMPLETED,2550.0,2025-02-15 12:00:00,,,
901,16,1,COMPLETED,950.0,2025-02-07 12:00:00,,,
902,19,1,COMPLETED,1100.0,2025-02-18 12:00:00,,,
903,8,3,COMPLETED,1400.0,2025-02-26 12:00:00,,,
904,52,1,COMPLETED,600.0,2025-02-12 12:00:00,,,
905,33,1,COMPLETED,2850.0,2025-02-13 12:00:00,,,
906,11,2,COMPLETED,1150.0,2025-02-08 12:00:00,,,
907,32,2,COMPLETED,1600.0,2025-02-17 12:00:00,,,
908,49,2,COMPLETED,500.0,2025-02-16 12:00:00,,,
909,19,1,COMPLETED,950.0,2025-02-02 12:00:00,,,
910,29,1,COMPLETED,4100.0,2025-01-30 12:00:00,,,
911,26,1,COMPLETED,2750.0,2025-02-20 12:00:00,,,
912,25,2,COMPLETED,2650.0,2025-02-15 12:00:00,,,
913,24,2,COMPLETED,1900.0,2025-02-19 12:00:00,,,
914,46,3,COMPLETED,1700.0,2025-02-02 12:00:00,,,
915,49,2,COMPLETED,1450.0,2025-02-01 12:00:00,,,
916,39,2,COMPLETED,2600.0,2025-02-18 12:00:00,,,
917,2,1,COMPLETED,1200.0,2025-02-10 12:00:00,,,
918,7,1,COMPLETED,2350.0,2025-02-05 12:00:00,,,
919,10,2,COMPLETED,400.0,2025-02-16 12:00:00,,,
920,48,3,COMPLETED,1700.0,2025-02-13 12:00:00,,,
921,58,1,COMPLETED,400.0,2025-02-03 12:00:00,,,
922,12,3,COMPLETED,1600.0,2025-02-02 12:00:00,,,
923,47,1,COMPLETED,900.0,2025-02-03 12:00:00,,,
924,3,2,COMPLETED,900.0,2025-02-03 12:00:00,,,
925,29,3,COMPLETED,450.0,2025-02-17 12:00:00,,,
926,38,1,COMPLETED,1850.0,2025-01-29 12:00:00,,,
927,12,3,COMPLETED,1100.0,2025-02-01 12:00:00,,,
928,38,1,COMPLETED,1550.0,2025-02-21 12:00:00,,,
929,48,1,COMPLETED,450.0,2025-02-25 12:00:00,,,
930,29,2,COMPLETED,2650.0,2025-02-15 12:00:00,,,
931,6,2,COMPLETED,950.0,2025-01-30 12:00:00,,,
932,4,2,COMPLETED,2250.0,2025-02-05 12:00:00,,,
933,14,3,COMPLETED,1400.0,2025-02-03 12:00:00,,,
934,27,1,COMPLETED,1550.0,2025-02-06 12:00:00,,,
935,54,2,COMPLETED,500.0,2025-02-13 12:00:00,,,
936,42,1,COMPLETED,550.0,2025-02-21 12:00:00,,,
937,44,1,COMPLETED,600.0,2025-02-02 12:00:00,,,
938,5,1,COMPLETED,450.0,2025-02-18 12:00:00,,,
939,23,1,COMPLETED,1550.0,2025-02-07 12:00:00,,,
940,2,3,COMPLETED,500.0,2025-02-03 12:00:00,,,
941,40,2,COMPLETED,1900.0,2025-02-15 12:00:00,,,
942,34,2,COMPLETED,2600.0,2025-02-17 12:00:00,,,
943,32,1,COMPLETED,2750.0,2025-02-01 12:00:00,,,
944,30,1,COMPLETED,2850.0,2025-02-09 12:00:00,,,
945,32,3,COMPLETED,450.0,2025-02-19 12:00:00,,,
946,37,1,COMPLETED,1550.0,2025-01-30 12:00:00,,,
947,5,3,COMPLETED,850.0,2025-02-25 12:00:00,,,
948,57,2,COMPLETED,450.0,2025-02-15 12:00:00,,,
949,50,1,COMPLETED,400.0,2025-02-25 12:00:00,,,
950,19,3,COMPLETED,1300.0,2025-01-29 12:00:00,,,
951,32,1,COMPLETED,1550.0,2025-02-11 12:00:00,,,
952,11,3,COMPLETED,1300.0,2025-02-14 12:00:00,,,
953,22,2,COMPLETED,4050.0,2025-02-07 12:00:00,,,
954,25,2,COMPLETED,2950.0,2025-02-22 12:00:00,,,
955,22,1,COMPLETED,1550.0,2025-01-28 12:00:00,,,
956,26,3,COMPLETED,1300.0,2025-02-08 12:00:00,,,
957,46,3,COMPLETED,1850.0,2025-02-19 12:00:00,,,
958,24,3,COMPLETED,700.0,2025-01-28 12:00:00,,,
959,60,1,COMPLETED,550.0,2025-02-17 12:00:00,,,
960,52,1,COMPLETED,1700.0,2025-02-02 12:00:00,,,
961,34,2,COMPLETED,3750.0,2025-01-30 12:00:00,,,
962,9,2,COMPLETED,400.0,2025-02-09 12:00:00,,,
963,6,2,COMPLETED,1150.0,2025-01-30 12:00:00,,,
964,48,1,COMPLETED,450.0,2025-02-02 12:00:00,,,
965,55,2,COMPLETED,450.0,2025-02-17 12:00:00,,,
966,35,1,COMPLETED,2550.0,2025-02-25 12:00:00,,,
967,50,2,COMPLETED,1700.0,2025-01-31 12:00:00,,,
968,40,2,COMPLETED,2600.0,2025-02-26 12:00:00,,,
969,19,1,COMPLETED,1200.0,2025-02-10 12:00:00,,,
970,31,1,COMPLETED,2550.0,2025-02-25 12:00:00,,,
971,27,2,COMPLETED,1600.0,2025-02-11 12:00:00,,,
972,24,1,COMPLETED,1850.0,2025-02-24 12:00:00,,,
973,24,1,COMPLETED,2550.0,2025-02-11 12:00:00,,,
974,9,2,COMPLETED,1150.0,2025-02-12 12:00:00,,,
975,12,2,COMPLETED,1500.0,2025-02-04 12:00:00,,,
976,47,1,COMPLETED,400.0,2025-01-30 12:00:00,,,
977,26,2,COMPLETED,1900.0,2025-02-17 12:00:00,,,
978,19,3,COMPLETED,1600.0,2025-02-08 12:00:00,,,
979,9,1,COMPLETED,1200.0,2025-02-02 12:00:00,,,
980,46,3,COMPLETED,450.0,2025-02-23 12:00:00,,,
981,56,3,COMPLETED,2250.0,2025-02-02 12:00:00,,,
982,28,1,COMPLETED,1850.0,2025-02-20 12:00:00,,,
983,32,1,COMPLETED,2550.0,2025-02-12 12:00:00,,,
984,42,1,COMPLETED,450.0,2025-02-09 12:00:00,,,
985,3,1,COMPLETED,1100.0,2025-02-18 12:00:00,,,
986,38,1,COMPLETED,2750.0,2025-02-07 12:00:00,,,
987,17,3,COMPLETED,1600.0,2025-02-07 12:00:00,,,
988,53,2,COMPLETED,500.0,2025-02-20 12:00:00,,,
989,59,1,COMPLETED,600.0,2025-02-17 12:00:00,,,
990,32,1,COMPLETED,600.0,2025-02-11 12:00:00,,,
991,2,1,COMPLETED,450.0,2025-02-11 12:00:00,,,
992,24,1,COMPLETED,1550.0,2025-02-16 12:00:00,,,
993,15,3,COMPLETED,1000.0,2025-02-11 12:00:00,,,
994,53,3,COMPLETED,2250.0,2025-02-02 12:00:00,,,
995,10,3,COMPLETED,1900.0,2025-02-07 12:00:00,,,
996,58,2,COMPLETED,1600.0,2025-02-08 12:00:00,,,
997,10,3,COMPLETED,500.0,2025-01-30 12:00:00,,,
998,13,1,COMPLETED,950.0,2025-02-10 12:00:00,,,
999,52,1,COMPLETED,2150.0,2025-02-05 12:00:00,,,
1000,60,3,COMPLETED,650.0,2025-02-22 12:00:00,,,
1001,20,2,COMPLETED,2150.0,2025-01-29 12:00:00,,,
1002,53,3,COMPLETED,2450.0,2025-02-04 12:00:00,,,
1003,27,3,COMPLETED,2400.0,2025-01-31 12:00:00,,,
1004,47,1,COMPLETED,450.0,2025-02-21 12:00:00,,,
1005,37,1,COMPLETED,1550.0,2025-02-09 12:00:00,,,
1006,42,2,COMPLETED,950.0,2025-02-06 12:00:00,,,
1007,37,3,COMPLETED,2400.0,2025-02-15 12:00:00,,,
1008,9,1,COMPLETED,1100.0,2025-02-26 12:00:00,,,
1009,1,1,COMPLETED,1100.0,2025-02-14 12:00:00,,,
1010,60,3,COMPLETED,650.0,2025-02-25 12:00:00,,,
1011,53,2,COMPLETED,950.0,2025-02-17 12:00:00,,,
1012,15,2,COMPLETED,1150.0,2025-02-25 12:00:00,,,
1013,23,1,COMPLETED,2550.0,2025-02-08 12:00:00,,,
1014,32,3,COMPLETED,1300.0,2025-02-03 12:00:00,,,
1015,50,1,COMPLETED,900.0,2025-01-28 12:00:00,,,
1016,45,2,COMPLETED,450.0,2025-02-11 12:00:00,,,
1017,3,1,COMPLETED,450.0,2025-02-15 12:00:00,,,
1018,50,2,COMPLETED,450.0,2025-02-14 12:00:00,,,
1019,4,2,COMPLETED,950.0,2025-02-22 12:00:00,,,
1020,28,3,COMPLETED,1500.0,2025-02-23 12:00:00,,,
1021,57,3,COMPLETED,1950.0,2025-02-22 12:00:00,,,
1022,11,2,COMPLETED,400.0,2025-02-05 12:00:00,,,
1023,16,3,COMPLETED,1400.0,2025-01-30 12:00:00,,,
1024,8,1,COMPLETED,450.0,2025-02-13 12:00:00,,,
1025,32,2,COMPLETED,1750.0,2025-02-03 12:00:00,,,
1026,23,3,COMPLETED,700.0,2025-01-30 12:00:00,,,
1027,10,3,COMPLETED,1400.0,2025-02-21 12:00:00,,,
1028,26,1,COMPLETED,3100.0,2025-02-03 12:00:00,,,
1029,8,1,COMPLETED,450.0,2025-02-08 12:00:00,,,
1030,28,3,COMPLETED,1200.0,2025-02-10 12:00:00,,,
1031,15,2,COMPLETED,900.0,2025-02-12 12:00:00,,,
1032,5,2,COMPLETED,900.0,2025-02-19 12:00:00,,,
1033,38,2,COMPLETED,2650.0,2025-02-02 12:00:00,,,
1034,3,3,COMPLETED,1600.0,2025-02-06 12:00:00,,,
1035,56,1,COMPLETED,400.0,2025-02-14 12:00:00,,,
1036,41,2,COMPLETED,950.0,2025-02-06 12:00:00,,,
1037,11,2,COMPLETED,2050.0,2025-02-09 12:00:00,,,
1038,18,2,COMPLETED,1050.0,2025-02-15 12:00:00,,,
1039,26,2,COMPLETED,2650.0,2025-02-18 12:00:00,,,
1040,17,2,COMPLETED,1150.0,2025-02-11 12:00:00,,,
1041,37,1,COMPLETED,1300.0,2025-02-05 12:00:00,,,
1042,42,3,COMPLETED,2400.0,2025-01-28 12:00:00,,,
1043,32,3,COMPLETED,1200.0,2025-02-16 12:00:00,,,
1044,34,2,COMPLETED,1900.0,2025-02-08 12:00:00,,,
1045,43,3,COMPLETED,1650.0,2025-02-26 12:00:00,,,
1046,8,3,COMPLETED,1600.0,2025-02-03 12:00:00,,,
1047,21,2,COMPLETED,3750.0,2025-02-07 12:00:00,,,
1048,48,1,COMPLETED,550.0,2025-02-11 12:00:00,,,
1049,1,3,COMPLETED,1400.0,2025-02-16 12:00:00,,,
1050,37,1,COMPLETED,1550.0,2025-02-21 12:00:00,,,
1051,41,3,COMPLETED,1700.0,2025-02-03 12:00:00,,,
1052,54,2,COMPLETED,450.0,2025-02-16 12:00:00,,,
1053,25,3,COMPLETED,450.0,2025-02-01 12:00:00,,,
1054,19,2,COMPLETED,1150.0,2025-02-20 12:00:00,,,
1055,48,3,COMPLETED,1850.0,2025-02-16 12:00:00,,,
1056,2,3,COMPLETED,1000.0,2025-02-08 12:00:00,,,
1057,24,2,COMPLETED,3700.0,2025-02-01 12:00:00,,,
1058,2,2,COMPLETED,400.0,2025-02-12 12:00:00,,,
1059,28,3,COMPLETED,450.0,2025-02-20 12:00:00,,,
1060,7,3,COMPLETED,1600.0,2025-02-03 12:00:00,,,
1061,2,2,COMPLETED,1050.0,2025-02-11 12:00:00,,,
1062,56,3,COMPLETED,1700.0,2025-02-11 12:00:00,,,
1063,50,3,COMPLETED,2250.0,2025-02-06 12:00:00,,,
1064,43,2,COMPLETED,600.0,2025-02-26 12:00:00,,,
1065,42,2,COMPLETED,950.0,2025-02-24 12:00:00,,,
1066,3,2,COMPLETED,400.0,2025-02-07 12:00:00,,,
1067,19,3,COMPLETED,1300.0,2025-02-17 12:00:00,,,
1068,17,1,COMPLETED,1200.0,2025-02-13 12:00:00,,,
1069,9,1,COMPLETED,1100.0,2025-02-26 12:00:00,,,
1070,31,1,COMPLETED,1550.0,2025-02-16 12:00:00,,,
1071,43,1,COMPLETED,400.0,2025-02-19 12:00:00,,,
1072,37,2,COMPLETED,2650.0,2025-02-13 12:00:00,,,
1073,41,1,COMPLETED,900.0,2025-02-25 12:00:00,,,
1074,11,2,COMPLETED,950.0,2025-02-09 12:00:00,,,
1075,37,1,COMPLETED,2550.0,2025-02-02 12:00:00,,,
1076,59,3,COMPLETED,1650.0,2025-02-13 12:00:00,,,
1077,29,2,COMPLETED,3700.0,2025-02-06 12:00:00,,,
1078,14,3,COMPLETED,1600.0,2025-02-08 12:00:00,,,
1079,42,2,COMPLETED,600.0,2025-02-03 12:00:00,,,
1080,2,2,COMPLETED,900.0,2025-02-16 12:00:00,,,
1081,11,3,COMPLETED,1900.0,2025-02-08 12:00:00,,,
1082,50,3,COMPLETED,1700.0,2025-02-17 12:00:00,,,
1083,32,2,COMPLETED,2600.0,2025-02-14 12:00:00,,,
1084,59,2,COMPLETED,600.0,2025-02-16 12:00:00,,,
1085,36,3,COMPLETED,1500.0,2025-02-13 12:00:00,,,
1086,15,2,COMPLETED,950.0,2025-02-24 12:00:00,,,
1087,35,2,COMPLETED,1900.0,2025-02-09 12:00:00,,,
1088,11,3,COMPLETED,1300.0,2025-02-24 12:00:00,,,
1089,49,3,COMPLETED,2550.0,2025-02-15 12:00:00,,,
1090,50,3,COMPLETED,2300.0,2025-01-30 12:00:00,,,
1091,9,2,COMPLETED,900.0,2025-02-15 12:00:00,,,
1092,12,3,COMPLETED,850.0,2025-02-17 12:00:00,,,
1093,55,1,COMPLETED,900.0,2025-01-29 12:00:00,,,
1094,21,1,COMPLETED,2850.0,2025-02-26 12:00:00,,,
1095,8,1,COMPLETED,850.0,2025-02-15 12:00:00,,,
1096,4,3,COMPLETED,500.0,2025-02-02 12:00:00,,,
1097,52,1,COMPLETED,550.0,2025-02-05 12:00:00,,,
1098,23,2,COMPLETED,3700.0,2025-02-10 12:00:00,,,
1099,24,3,COMPLETED,1200.0,2025-02-01 12:00:00,,,
1100,41,1,COMPLETED,400.0,2025-02-24 12:00:00,,,
1101,44,2,COMPLETED,600.0,2025-02-13 12:00:00,,,
1102,6,2,COMPLETED,900.0,2025-02-14 12:00:00,,,
1103,48,2,COMPLETED,350.0,2025-02-14 12:00:00,,,
1104,31,2,COMPLETED,1600.0,2025-02-13 12:00:00,,,
1105,37,2,COMPLETED,1600.0,2025-02-01 12:00:00,,,
1106,33,2,COMPLETED,3000.0,2025-01-28 12:00:00,,,
1107,29,3,COMPLETED,1500.0,2025-02-22 12:00:00,,,
1108,60,3,COMPLETED,1950.0,2025-02-03 12:00:00,,,
1109,6,2,COMPLETED,2050.0,2025-02-04 12:00:00,,,
1110,39,3,COMPLETED,1200.0,2025-02-17 12:00:00,,,
1111,21,3,COMPLETED,1300.0,2025-02-12 12:00:00,,,
1112,45,2,COMPLETED,1550.0,2025-01-29 12:00:00,,,
1113,3,3,COMPLETED,1400.0,2025-02-04 12:00:00,,,
1114,4,2,COMPLETED,1050.0,2025-02-21 12:00:00,,,
1115,60,3,COMPLETED,1800.0,2025-02-08 12:00:00,,,
1116,52,1,COMPLETED,550.0,2025-02-23 12:00:00,,,
1117,52,1,COMPLETED,400.0,2025-02-23 12:00:00,,,
1118,36,1,COMPLETED,2850.0,2025-02-13 12:00:00,,,
1119,43,2,COMPLETED,1700.0,2025-02-03 12:00:00,,,
1120,6,1,COMPLETED,1200.0,2025-01-29 12:00:00,,,
1121,60,3,COMPLETED,1950.0,2025-02-19 12:00:00,,,
1122,13,3,COMPLETED,1400.0,2025-02-16 12:00:00,,,
1123,46,1,COMPLETED,550.0,2025-02-21 12:00:00,,,
1124,19,3,COMPLETED,1450.0,2025-02-04 12:00:00,,,
1125,43,2,COMPLETED,600.0,2025-02-22 12:00:00,,,
1126,1,3,COMPLETED,1400.0,2025-02-13 12:00:00,,,
1127,41,1,COMPLETED,450.0,2025-01-30 12:00:00,,,
1128,26,3,COMPLETED,1050.0,2025-02-01 12:00:00,,,
1129,6,2,COMPLETED,1150.0,2025-02-15 12:00:00,,,
1130,45,3,COMPLETED,1650.0,2025-02-09 12:00:00,,,
1131,11,2,COMPLETED,2050.0,2025-02-06 12:00:00,,,
1132,6,1,COMPLETED,450.0,2025-02-13 12:00:00,,,
1133,17,1,COMPLETED,1200.0,2025-02-26 12:00:00,,,
1134,57,2,COMPLETED,600.0,2025-02-01 12:00:00,,,
1135,43,1,COMPLETED,400.0,2025-02-01 12:00:00,,,
1136,54,2,COMPLETED,600.0,2025-01-28 12:00:00,,,
1137,16,2,COMPLETED,1150.0,2025-01-29 12:00:00,,,
1138,17,2,COMPLETED,2250.0,2025-01-30 12:00:00,,,
1139,10,1,COMPLETED,450.0,2025-02-03 12:00:00,,,
1140,4,3,COMPLETED,850.0,2025-02-19 12:00:00,,,
1141,30,3,COMPLETED,1800.0,2025-02-08 12:00:00,,,
1142,9,3,COMPLETED,1400.0,2025-02-20 12:00:00,,,
1143,55,3,COMPLETED,1650.0,2025-02-23 12:00:00,,,
1144,16,2,COMPLETED,1050.0,2025-01-31 12:00:00,,,
1145,56,2,COMPLETED,450.0,2025-02-19 12:00:00,,,
1146,55,2,COMPLETED,600.0,2025-02-11 12:00:00,,,
1147,30,2,COMPLETED,2600.0,2025-02-01 12:00:00,,,
1148,1,3,COMPLETED,850.0,2025-02-02 12:00:00,,,
1149,57,2,COMPLETED,950.0,2025-02-06 12:00:00,,,
1150,58,1,COMPLETED,600.0,2025-02-10 12:00:00,,,
1151,5,2,COMPLETED,2250.0,2025-02-04 12:00:00,,,
1152,3,2,COMPLETED,1150.0,2025-02-21 12:00:00,,,
1153,54,2,COMPLETED,350.0,2025-02-16 12:00:00,,,
1154,38,3,COMPLETED,1200.0,2025-02-22 12:00:00,,,
1155,44,2,COMPLETED,350.0,2025-02-12 12:00:00,,,
1156,33,1,COMPLETED,2850.0,2025-02-10 12:00:00,,,
1157,60,1,COMPLETED,450.0,2025-02-25 12:00:00,,,
1158,3,1,COMPLETED,1100.0,2025-02-02 12:00:00,,,
1159,41,3,COMPLETED,750.0,2025-02-22 12:00:00,,,
1160,3,1,COMPLETED,850.0,2025-02-07 12:00:00,,,
1161,56,1,COMPLETED,1650.0,2025-02-05 12:00:00,,,
1162,3,1,COMPLETED,2100.0,2025-02-03 12:00:00,,,
1163,36,3,COMPLETED,700.0,2025-02-23 12:00:00,,,
1164,48,1,COMPLETED,900.0,2025-02-02 12:00:00,,,
1165,59,3,COMPLETED,1850.0,2025-02-17 12:00:00,,,
1166,9,3,COMPLETED,1400.0,2025-02-03 12:00:00,,,
1167,21,1,COMPLETED,1850.0,2025-02-22 12:00:00,,,
1168,34,2,COMPLETED,2650.0,2025-01-30 12:00:00,,,
1169,37,3,COMPLETED,700.0,2025-02-26 12:00:00,,,
1170,1,1,COMPLETED,1100.0,2025-02-24 12:00:00,,,
1171,54,2,COMPLETED,450.0,2025-02-02 12:00:00,,,
1172,13,2,COMPLETED,900.0,2025-02-11 12:00:00,,,
1173,57,2,COMPLETED,350.0,2025-02-25 12:00:00,,,
1174,30,3,COMPLETED,2100.0,2025-02-08 12:00:00,,,
1175,1,1,COMPLETED,850.0,2025-02-23 12:00:00,,,
1176,6,2,COMPLETED,2000.0,2025-02-04 12:00:00,,,
1177,47,2,COMPLETED,350.0,2025-02-18 12:00:00,,,
1178,48,3,COMPLETED,1950.0,2025-01-28 12:00:00,,,
1179,3,2,COMPLETED,900.0,2025-02-18 12:00:00,,,
1180,21,3,COMPLETED,1200.0,2025-02-04 12:00:00,,,
1181,56,1,COMPLETED,2150.0,2025-02-03 12:00:00,,,
1182,54,3,COMPLETED,1800.0,2025-02-09 12:00:00,,,
1183,20,3,COMPLETED,1300.0,2025-02-17 12:00:00,,,
1184,45,3,COMPLETED,2400.0,2025-02-15 12:00:00,,,
1185,54,1,COMPLETED,900.0,2025-01-30 12:00:00,,,
1186,9,3,COMPLETED,1600.0,2025-02-08 12:00:00,,,
1187,8,3,COMPLETED,1300.0,2025-02-25 12:00:00,,,
1188,52,2,COMPLETED,500.0,2025-02-21 12:00:00,,,
1189,54,2,COMPLETED,450.0,2025-02-03 12:00:00,,,
1190,11,3,COMPLETED,1300.0,2025-02-01 12:00:00,,,
1191,30,3,COMPLETED,2400.0,2025-02-09 12:00:00,,,
1192,44,3,COMPLETED,1800.0,2025-02-19 12:00:00,,,
1193,54,2,COMPLETED,950.0,2025-02-22 12:00:00,,,
1194,1,3,COMPLETED,850.0,2025-02-25 12:00:00,,,
1195,47,1,COMPLETED,900.0,2025-02-11 12:00:00,,,
1196,48,3,COMPLETED,2400.0,2025-02-13 12:00:00,,,
1197,44,3,COMPLETED,1800.0,2025-02-23 12:00:00,,,
1198,6,2,COMPLETED,1150.0,2025-02-17 12:00:00,,,
1199,52,3,COMPLETED,1950.0,2025-02-26 12:00:00,,,
1200,53,2,COMPLETED,500.0,2025-02-03 12:00:00,,,
1201,39,3,COMPLETED,1800.0,2025-02-24 12:00:00,,,
1202,20,1,COMPLETED,450.0,2025-02-14 12:00:00,,,
1203,57,2,COMPLETED,1550.0,2025-02-03 12:00:00,,,
1204,53,3,COMPLETED,1850.0,2025-02-25 12:00:00,,,
1205,54,1,COMPLETED,450.0,2025-02-16 12:00:00,,,
1206,22,1,COMPLETED,2750.0,2025-02-10 12:00:00,,,
1207,13,3,COMPLETED,1300.0,2025-02-19 12:00:00,,,
1208,29,3,COMPLETED,2400.0,2025-02-09 12:00:00,,,
1209,45,1,COMPLETED,550.0,2025-02-16 12:00:00,,,
1210,41,1,COMPLETED,550.0,2025-02-25 12:00:00,,,
1211,30,2,COMPLETED,2600.0,2025-02-23 12:00:00,,,
1212,32,1,COMPLETED,1300.0,2025-02-08 12:00:00,,,
1213,49,3,COMPLETED,1850.0,2025-02-25 12:00:00,,,
1214,5,3,COMPLETED,1000.0,2025-02-18 12:00:00,,,
1215,7,1,COMPLETED,850.0,2025-02-06 12:00:00,,,
1216,53,2,COMPLETED,500.0,2025-02-08 12:00:00,,,
1217,33,1,COMPLETED,1850.0,2025-02-16 12:00:00,,,
1218,18,1,COMPLETED,450.0,2025-01-31 12:00:00,,,
1219,39,2,COMPLETED,2600.0,2025-02-16 12:00:00,,,
1220,36,3,COMPLETED,1300.0,2025-02-01 12:00:00,,,
1221,8,3,COMPLETED,500.0,2025-02-21 12:00:00,,,
1222,30,3,COMPLETED,1800.0,2025-02-03 12:00:00,,,
1223,28,1,COMPLETED,2550.0,2025-01-30 12:00:00,,,
1224,51,3,COMPLETED,2250.0,2025-02-07 12:00:00,,,
1225,19,1,COMPLETED,1200.0,2025-02-19 12:00:00,,,
1226,34,1,COMPLETED,1550.0,2025-02-17 12:00:00,,,
1227,33,1,COMPLETED,2850.0,2025-02-17 12:00:00,,,
1228,30,1,COMPLETED,1550.0,2025-02-13 12:00:00,,,
1229,45,3,COMPLETED,1700.0,2025-02-17 12:00:00,,,
1230,18,3,COMPLETED,1450.0,2025-01-28 12:00:00,,,
1231,34,3,COMPLETED,1500.0,2025-02-13 12:00:00,,,
1232,55,1,COMPLETED,550.0,2025-02-10 12:00:00,,,
1233,25,3,COMPLETED,1800.0,2025-02-13 12:00:00,,,
1234,39,2,COMPLETED,2950.0,2025-02-20 12:00:00,,,
1235,2,2,COMPLETED,1150.0,2025-02-13 12:00:00,,,
1236,6,2,COMPLETED,400.0,2025-02-21 12:00:00,,,
1237,37,3,COMPLETED,1050.0,2025-01-30 12:00:00,,,
1238,52,2,COMPLETED,500.0,2025-02-15 12:00:00,,,
1239,22,3,COMPLETED,1200.0,2025-01-31 12:00:00,,,
1240,27,3,COMPLETED,450.0,2025-02-02 12:00:00,,,
1241,59,2,COMPLETED,350.0,2025-01-31 12:00:00,,,
1242,6,1,COMPLETED,950.0,2025-02-12 12:00:00,,,
1243,60,1,COMPLETED,1700.0,2025-01-29 12:00:00,,,
1244,25,3,COMPLETED,700.0,2025-02-14 12:00:00,,,
1245,46,1,COMPLETED,550.0,2025-02-21 12:00:00,,,
1246,34,1,COMPLETED,2850.0,2025-02-02 12:00:00,,,
1247,28,1,COMPLETED,300.0,2025-02-26 12:00:00,,,
1248,51,2,COMPLETED,600.0,2025-02-07 12:00:00,,,
1249,30,3,COMPLETED,1200.0,2025-02-19 12:00:00,,,
1250,17,3,COMPLETED,1400.0,2025-02-24 12:00:00,,,
1251,35,2,COMPLETED,2600.0,2025-01-31 12:00:00,,,
1252,8,2,COMPLETED,2050.0,2025-02-09 12:00:00,,,
1253,4,1,COMPLETED,2450.0,2025-01-31 12:00:00,,,
1254,17,2,COMPLETED,1500.0,2025-01-30 12:00:00,,,
1255,32,3,COMPLETED,2100.0,2025-02-11 12:00:00,,,
1256,6,3,COMPLETED,1000.0,2025-02-10 12:00:00,,,
1257,42,1,COMPLETED,450.0,2025-02-06 12:00:00,,,
1258,6,2,COMPLETED,1050.0,2025-02-02 12:00:00,,,
1259,23,2,COMPLETED,2950.0,2025-02-16 12:00:00,,,
1260,10,1,COMPLETED,950.0,2025-02-21 12:00:00,,,
1261,37,3,COMPLETED,700.0,2025-02-11 12:00:00,,,
1262,46,1,COMPLETED,400.0,2025-02-13 12:00:00,,,
1263,50,3,COMPLETED,1800.0,2025-02-12 12:00:00,,,
1264,54,2,COMPLETED,500.0,2025-02-04 12:00:00,,,
1265,2,3,COMPLETED,1000.0,2025-02-20 12:00:00,,,
1266,9,1,COMPLETED,1200.0,2025-02-23 12:00:00,,,
1267,5,3,COMPLETED,1300.0,2025-02-03 12:00:00,,,
1268,46,1,COMPLETED,450.0,2025-02-23 12:00:00,,,
1269,31,1,COMPLETED,1550.0,2025-02-23 12:00:00,,,
1270,41,3,COMPLETED,1850.0,2025-02-03 12:00:00,,,
1271,12,2,COMPLETED,950.0,2025-02-24 12:00:00,,,
1272,57,3,COMPLETED,1650.0,2025-02-16 12:00:00,,,
1273,44,1,COMPLETED,400.0,2025-02-09 12:00:00,,,
1274,35,1,COMPLETED,2750.0,2025-02-20 12:00:00,,,
1275,55,2,COMPLETED,1450.0,2025-01-28 12:00:00,,,
1276,31,3,COMPLETED,700.0,2025-02-16 12:00:00,,,
1277,27,3,COMPLETED,450.0,2025-02-21 12:00:00,,,
1278,23,1,COMPLETED,1500.0,2025-02-20 12:00:00,,,
1279,8,1,COMPLETED,1100.0,2025-02-22 12:00:00,,,
1280,43,2,COMPLETED,500.0,2025-02-25 12:00:00,,,
1281,7,1,COMPLETED,450.0,2025-02-08 12:00:00,,,
1282,59,2,COMPLETED,500.0,2025-02-10 12:00:00,,,
1283,12,1,COMPLETED,850.0,2025-02-01 12:00:00,,,
1284,11,3,COMPLETED,1900.0,2025-02-12 12:00:00,,,
1285,40,1,COMPLETED,1850.0,2025-02-22 12:00:00,,,
1286,7,3,COMPLETED,1300.0,2025-01-28 12:00:00,,,
1287,21,2,COMPLETED,2650.0,2025-01-28 12:00:00,,,
1288,17,3,COMPLETED,500.0,2025-02-09 12:00:00,,,
1289,39,2,COMPLETED,2600.0,2025-02-12 12:00:00,,,
1290,30,1,COMPLETED,2750.0,2025-02-03 12:00:00,,,
1291,38,1,COMPLETED,2750.0,2025-02-24 12:00:00,,,
1292,41,3,COMPLETED,1700.0,2025-02-15 12:00:00,,,
1293,6,1,COMPLETED,1100.0,2025-02-04 12:00:00,,,
1294,13,2,COMPLETED,400.0,2025-02-12 12:00:00,,,
1295,21,3,COMPLETED,2400.0,2025-02-10 12:00:00,,,
1296,26,3,COMPLETED,1050.0,2025-02-15 12:00:00,,,
1297,28,1,COMPLETED,2850.0,2025-02-10 12:00:00,,,
1298,43,2,COMPLETED,450.0,2025-02-22 12:00:00,,,
1299,30,1,COMPLETED,2550.0,2025-02-06 12:00:00,,,
1300,35,2,COMPLETED,1900.0,2025-02-01 12:00:00,,,
1301,59,2,COMPLETED,600.0,2025-02-16 12:00:00,,,
1302,20,1,COMPLETED,950.0,2025-02-25 12:00:00,,,
1303,21,3,COMPLETED,1800.0,2025-02-26 12:00:00,,,
1304,21,1,COMPLETED,1550.0,2025-02-16 12:00:00,,,
1305,40,1,COMPLETED,600.0,2025-02-07 12:00:00,,,
1306,4,1,COMPLETED,1200.0,2025-02-16 12:00:00,,,
1307,20,2,COMPLETED,900.0,2025-02-01 12:00:00,,,
1308,16,3,COMPLETED,1600.0,2025-02-09 12:00:00,,,
1309,24,2,COMPLETED,3750.0,2025-02-02 12:00:00,,,
1310,31,3,COMPLETED,1500.0,2025-02-16 12:00:00,,,
1311,22,2,COMPLETED,2950.0,2025-02-12 12:00:00,,,
1312,51,2,COMPLETED,350.0,2025-02-18 12:00:00,,,
1313,60,2,COMPLETED,450.0,2025-02-20 12:00:00,,,
1314,6,3,COMPLETED,500.0,2025-02-24 12:00:00,,,
1315,5,3,COMPLETED,500.0,2025-02-12 12:00:00,,,
1316,40,1,COMPLETED,3100.0,2025-02-02 12:00:00,,,
1317,25,2,COMPLETED,2600.0,2025-02-13 12:00:00,,,
1318,2,3,COMPLETED,1450.0,2025-02-01 12:00:00,,,
1319,58,3,COMPLETED,1850.0,2025-02-12 12:00:00,,,
1320,47,2,COMPLETED,450.0,2025-02-10 12:00:00,,,
1321,22,1,COMPLETED,2550.0,2025-02-22 12:00:00,,,
1322,27,1,COMPLETED,2750.0,2025-02-02 12:00:00,,,
1323,50,2,COMPLETED,450.0,2025-02-19 12:00:00,,,
1324,25,1,COMPLETED,1550.0,2025-02-21 12:00:00,,,
1325,28,2,COMPLETED,2600.0,2025-02-13 12:00:00,,,
1326,10,1,COMPLETED,950.0,2025-02-19 12:00:00,,,
1327,40,1,COMPLETED,4100.0,2025-02-01 12:00:00,,,
1328,52,1,COMPLETED,600.0,2025-02-08 12:00:00,,,
1329,55,2,COMPLETED,450.0,2025-02-16 12:00:00,,,
1330,6,3,COMPLETED,1900.0,2025-02-05 12:00:00,,,
1331,45,3,COMPLETED,650.0,2025-02-11 12:00:00,,,
1332,16,3,COMPLETED,1300.0,2025-02-19 12:00:00,,,
1333,49,1,COMPLETED,550.0,2025-02-09 12:00:00,,,
1334,45,1,COMPLETED,400.0,2025-02-14 12:00:00,,,
1335,11,3,COMPLETED,500.0,2025-02-13 12:00:00,,,
1336,30,2,COMPLETED,1600.0,2025-01-29 12:00:00,,,
1337,58,3,COMPLETED,1800.0,2025-01-29 12:00:00,,,
1338,2,3,COMPLETED,1000.0,2025-02-08 12:00:00,,,
1339,57,3,COMPLETED,2400.0,2025-02-03 12:00:00,,,
1340,58,2,COMPLETED,350.0,2025-02-02 12:00:00,,,
1341,52,2,COMPLETED,500.0,2025-01-30 12:00:00,,,
1342,16,1,COMPLETED,1700.0,2025-02-02 12:00:00,,,
1343,54,3,COMPLETED,2450.0,2025-02-08 12:00:00,,,
1344,3,3,COMPLETED,1600.0,2025-02-02 12:00:00,,,
1345,25,3,COMPLETED,1800.0,2025-02-05 12:00:00,,,
1346,50,3,COMPLETED,1800.0,2025-02-11 12:00:00,,,
1347,45,2,COMPLETED,350.0,2025-02-26 12:00:00,,,
1348,39,2,COMPLETED,2650.0,2025-02-03 12:00:00,,,
1349,19,1,COMPLETED,850.0,2025-02-22 12:00:00,,,
1350,59,3,COMPLETED,1850.0,2025-02-04 12:00:00,,,
1351,20,2,COMPLETED,400.0,2025-02-04 12:00:00,,,
1352,50,3,COMPLETED,1950.0,2025-02-21 12:00:00,,,
1353,53,3,COMPLETED,600.0,2025-01-31 12:00:00,,,
1354,39,2,COMPLETED,2950.0,2025-01-30 12:00:00,,,
1355,11,2,COMPLETED,400.0,2025-02-14 12:00:00,,,
1356,6,2,COMPLETED,1050.0,2025-01-29 12:00:00,,,
1357,27,3,COMPLETED,2100.0,2025-02-13 12:00:00,,,
1358,43,1,COMPLETED,1700.0,2025-02-01 12:00:00,,,
1359,30,1,COMPLETED,2550.0,2025-02-01 12:00:00,,,
1360,41,2,COMPLETED,350.0,2025-02-14 12:00:00,,,
1361,18,1,COMPLETED,950.0,2025-02-08 12:00:00,,,
1362,23,3,COMPLETED,1800.0,2025-02-13 12:00:00,,,
1363,20,3,COMPLETED,1400.0,2025-02-06 12:00:00,,,
1364,45,1,COMPLETED,400.0,2025-02-24 12:00:00,,,
1365,20,1,COMPLETED,950.0,2025-01-30 12:00:00,,,
1366,59,2,COMPLETED,1450.0,2025-02-04 12:00:00,,,
1367,38,1,COMPLETED,300.0,2025-02-15 12:00:00,,,
1368,34,2,COMPLETED,650.0,2025-02-19 12:00:00,,,
1369,53,1,COMPLETED,900.0,2025-02-17 12:00:00,,,
1370,9,1,COMPLETED,1200.0,2025-02-25 12:00:00,,,
1371,53,3,COMPLETED,1850.0,2025-02-04 12:00:00,,,
1372,37,3,COMPLETED,450.0,2025-02-19 12:00:00,,,
1373,54,1,COMPLETED,1700.0,2025-01-28 12:00:00,,,
1374,52,2,COMPLETED,1450.0,2025-02-03 12:00:00,,,
1375,14,1,COMPLETED,1100.0,2025-02-19 12:00:00,,,
1376,27,3,COMPLETED,1800.0,2025-01-30 12:00:00,,,
1377,43,2,COMPLETED,600.0,2025-02-12 12:00:00,,,
1378,53,1,COMPLETED,600.0,2025-02-24 12:00:00,,,
1379,11,1,COMPLETED,450.0,2025-02-11 12:00:00,,,
1380,54,2,COMPLETED,600.0,2025-02-09 12:00:00,,,
1381,35,2,COMPLETED,2600.0,2025-02-24 12:00:00,,,
1382,54,1,COMPLETED,450.0,2025-02-06 12:00:00,,,
1383,24,2,COMPLETED,4050.0,2025-01-29 12:00:00,,,
1384,50,2,COMPLETED,600.0,2025-02-13 12:00:00,,,
1385,36,1,COMPLETED,1300.0,2025-01-28 12:00:00,,,
1386,44,3,COMPLETED,2550.0,2025-01-29 12:00:00,,,
1387,39,1,COMPLETED,1500.0,2025-02-25 12:00:00,,,
1388,23,2,COMPLETED,1700.0,2025-02-21 12:00:00,,,
1389,6,3,COMPLETED,1400.0,2025-02-22 12:00:00,,,
1390,18,3,COMPLETED,1900.0,2025-02-07 12:00:00,,,
1391,26,3,COMPLETED,1500.0,2025-02-17 12:00:00,,,
1392,8,2,COMPLETED,900.0,2025-02-02 12:00:00,,,
1393,54,2,COMPLETED,950.0,2025-02-10 12:00:00,,,
1394,49,2,COMPLETED,950.0,2025-02-13 12:00:00,,,
1395,3,2,COMPLETED,400.0,2025-02-13 12:00:00,,,
1396,42,1,COMPLETED,450.0,2025-02-12 12:00:00,,,
1397,32,1,COMPLETED,2850.0,2025-02-13 12:00:00,,,
1398,9,1,COMPLETED,950.0,2025-01-30 12:00:00,,,
1399,18,1,COMPLETED,1200.0,2025-02-24 12:00:00,,,
1400,7,2,COMPLETED,1150.0,2025-02-24 12:00:00,,,
1401,35,1,COMPLETED,2750.0,2025-02-19 12:00:00,,,
1402,7,2,COMPLETED,1050.0,2025-02-21 12:00:00,,,
1403,24,1,COMPLETED,1550.0,2025-01-31 12:00:00,,,
1404,41,2,COMPLETED,600.0,2025-02-19 12:00:00,,,
1405,53,1,COMPLETED,450.0,2025-02-21 12:00:00,,,
1406,37,3,COMPLETED,700.0,2025-02-23 12:00:00,,,
1407,1,1,COMPLETED,850.0,2025-02-21 12:00:00,,,
1408,42,3,COMPLETED,1700.0,2025-01-29 12:00:00,,,
1409,59,2,COMPLETED,1550.0,2025-02-06 12:00:00,,,
1410,19,1,COMPLETED,1200.0,2025-02-26 12:00:00,,,
1411,1,3,COMPLETED,500.0,2025-02-01 12:00:00,,,
1412,39,2,COMPLETED,3700.0,2025-02-08 12:00:00,,,
1413,28,2,COMPLETED,2650.0,2025-02-26 12:00:00,,,
1414,43,3,COMPLETED,2450.0,2025-02-12 12:00:00,,,
1415,35,3,COMPLETED,1200.0,2025-02-25 12:00:00,,,
1416,38,3,COMPLETED,1800.0,2025-01-28 12:00:00,,,
1417,36,2,COMPLETED,1900.0,2025-02-18 12:00:00,,,
1418,36,2,COMPLETED,2950.0,2025-02-06 12:00:00,,,
1419,32,2,COMPLETED,1400.0,2025-02-17 12:00:00,,,
1420,26,2,COMPLETED,2950.0,2025-02-12 12:00:00,,,
1421,42,1,COMPLETED,400.0,2025-02-18 12:00:00,,,
1422,21,1,COMPLETED,2850.0,2025-02-20 12:00:00,,,
1423,37,3,COMPLETED,1800.0,2025-02-07 12:00:00,,,
1424,43,3,COMPLETED,1700.0,2025-02-02 12:00:00,,,
1425,48,3,COMPLETED,1800.0,2025-02-08 12:00:00,,,
1426,8,1,COMPLETED,1200.0,2025-02-08 12:00:00,,,
1427,25,3,COMPLETED,450.0,2025-02-17 12:00:00,,,
1428,3,1,COMPLETED,1700.0,2025-01-31 12:00:00,,,
1429,50,3,COMPLETED,1650.0,2025-02-26 12:00:00,,,
1430,38,1,COMPLETED,1550.0,2025-02-20 12:00:00,,,
1431,22,1,COMPLETED,1550.0,2025-01-31 12:00:00,,,
1432,31,3,COMPLETED,2400.0,2025-02-05 12:00:00,,,
1433,28,3,COMPLETED,1200.0,2025-02-23 12:00:00,,,
1434,37,3,COMPLETED,2400.0,2025-01-29 12:00:00,,,
1435,7,2,COMPLETED,2050.0,2025-01-31 12:00:00,,,
1436,18,2,COMPLETED,1150.0,2025-02-11 12:00:00,,,
1437,6,2,COMPLETED,1050.0,2025-02-16 12:00:00,,,
1438,51,2,COMPLETED,450.0,2025-02-14 12:00:00,,,
1439,15,3,COMPLETED,850.0,2025-02-16 12:00:00,,,
1440,6,2,COMPLETED,400.0,2025-02-04 12:00:00,,,
1441,10,3,COMPLETED,500.0,2025-02-14 12:00:00,,,
1442,25,2,COMPLETED,2950.0,2025-02-13 12:00:00,,,
1443,22,1,COMPLETED,2750.0,2025-02-22 12:00:00,,,
1444,57,1,COMPLETED,600.0,2025-02-17 12:00:00,,,
1445,10,1,COMPLETED,1100.0,2025-02-04 12:00:00,,,
1446,55,1,COMPLETED,450.0,2025-02-08 12:00:00,,,
1447,40,2,COMPLETED,1900.0,2025-02-18 12:00:00,,,
1448,34,1,COMPLETED,4100.0,2025-02-04 12:00:00,,,
1449,32,3,COMPLETED,1300.0,2025-02-05 12:00:00,,,
1450,33,3,COMPLETED,1500.0,2025-02-07 12:00:00,,,
1451,47,2,COMPLETED,500.0,2025-02-21 12:00:00,,,
1452,3,2,COMPLETED,2250.0,2025-02-05 12:00:00,,,
1453,60,1,COMPLETED,900.0,2025-02-24 12:00:00,,,
1454,32,3,COMPLETED,1200.0,2025-02-22 12:00:00,,,
1455,48,2,COMPLETED,450.0,2025-02-19 12:00:00,,,
1456,44,3,COMPLETED,1650.0,2025-02-23 12:00:00,,,
1457,38,2,COMPLETED,2600.0,2025-02-25 12:00:00,,,
1458,18,3,COMPLETED,1000.0,2025-02-13 12:00:00,,,
1459,60,2,COMPLETED,450.0,2025-01-31 12:00:00,,,
1460,36,2,COMPLETED,2600.0,2025-02-18 12:00:00,,,
1461,41,3,COMPLETED,1800.0,2025-02-11 12:00:00,,,
1462,50,2,COMPLETED,450.0,2025-02-24 12:00:00,,,
1463,50,1,COMPLETED,600.0,2025-02-25 12:00:00,,,
1464,29,2,COMPLETED,1900.0,2025-02-15 12:00:00,,,
1465,32,2,COMPLETED,1900.0,2025-02-19 12:00:00,,,
1466,27,3,COMPLETED,1800.0,2025-02-12 12:00:00,,,
1467,9,1,COMPLETED,1200.0,2025-02-05 12:00:00,,,
1468,52,1,COMPLETED,900.0,2025-02-20 12:00:00,,,
1469,45,3,COMPLETED,2450.0,2025-02-15 12:00:00,,,
1470,8,2,COMPLETED,1050.0,2025-02-25 12:00:00,,,
1471,23,3,COMPLETED,700.0,2025-02-17 12:00:00,,,
1472,48,1,COMPLETED,400.0,2025-02-09 12:00:00,,,
1473,54,3,COMPLETED,1850.0,2025-02-20 12:00:00,,,
1474,8,2,COMPLETED,900.0,2025-01-31 12:00:00,,,
1475,34,3,COMPLETED,700.0,2025-02-03 12:00:00,,,
1476,37,3,COMPLETED,1300.0,2025-02-11 12:00:00,,,
1477,27,3,COMPLETED,1500.0,2025-02-17 12:00:00,,,
1478,40,2,COMPLETED,1600.0,2025-02-20 12:00:00,,,
1479,58,3,COMPLETED,500.0,2025-02-04 12:00:00,,,
1480,35,3,COMPLETED,1300.0,2025-02-05 12:00:00,,,
1481,34,1,COMPLETED,1850.0,2025-02-08 12:00:00,,,
1482,35,1,COMPLETED,2850.0,2025-02-12 12:00:00,,,
1483,57,1,COMPLETED,450.0,2025-02-26 12:00:00,,,
1484,15,3,COMPLETED,850.0,2025-01-31 12:00:00,,,
1485,37,2,COMPLETED,2950.0,2025-02-25 12:00:00,,,
1486,27,2,COMPLETED,2700.0,2025-02-01 12:00:00,,,
1487,6,1,COMPLETED,450.0,2025-02-22 12:00:00,,,
1488,6,1,COMPLETED,1200.0,2025-02-14 12:00:00,,,
1489,37,1,COMPLETED,2750.0,2025-02-26 12:00:00,,,
1490,20,2,COMPLETED,400.0,2025-02-17 12:00:00,,,
1491,50,1,COMPLETED,450.0,2025-02-20 12:00:00,,,
1492,36,2,COMPLETED,2700.0,2025-02-04 12:00:00,,,
1493,28,2,COMPLETED,1900.0,2025-02-12 12:00:00,,,
1494,54,1,COMPLETED,1700.0,2025-01-29 12:00:00,,,
1495,34,3,COMPLETED,700.0,2025-02-17 12:00:00,,,
1496,6,2,COMPLETED,950.0,2025-02-20 12:00:00,,,
1497,23,3,COMPLETED,1300.0,2025-02-03 12:00:00,,,
1498,55,2,COMPLETED,950.0,2025-02-26 12:00:00,,,
1499,50,1,COMPLETED,400.0,2025-01-28 12:00:00,,,
1500,29,2,COMPLETED,1600.0,2025-02-01 12:00:00,,,
1501,36,2,COMPLETED,2600.0,2025-02-25 12:00:00,,,
1502,19,2,COMPLETED,1050.0,2025-02-23 12:00:00,,,
1503,34,1,COMPLETED,1300.0,2025-02-14 12:00:00,,,
1504,20,3,COMPLETED,500.0,2025-02-16 12:00:00,,,
1505,46,2,COMPLETED,600.0,2025-02-19 12:00:00,,,
1506,21,2,COMPLETED,2650.0,2025-02-09 12:00:00,,,
1507,1,2,COMPLETED,1150.0,2025-01-30 12:00:00,,,
1508,54,3,COMPLETED,1950.0,2025-02-04 12:00:00,,,
1509,5,1,COMPLETED,1100.0,2025-02-02 12:00:00,,,
1510,22,3,COMPLETED,1050.0,2025-02-02 12:00:00,,,
1511,47,3,COMPLETED,750.0,2025-02-26 12:00:00,,,
1512,27,1,COMPLETED,300.0,2025-02-26 12:00:00,,,
1513,22,1,COMPLETED,1550.0,2025-02-08 12:00:00,,,
1514,15,2,COMPLETED,400.0,2025-02-16 12:00:00,,,
1515,55,3,COMPLETED,1650.0,2025-02-20 12:00:00,,,
1516,24,3,COMPLETED,700.0,2025-02-09 12:00:00,,,
1517,40,2,COMPLETED,3000.0,2025-02-06 12:00:00,,,
1518,4,1,COMPLETED,450.0,2025-02-09 12:00:00,,,
1519,32,3,COMPLETED,1500.0,2025-02-21 12:00:00,,,
1520,60,3,COMPLETED,2400.0,2025-02-11 12:00:00,,,
1521,57,2,COMPLETED,350.0,2025-01-29 12:00:00,,,
1522,26,3,COMPLETED,1500.0,2025-02-18 12:00:00,,,
1523,28,2,COMPLETED,4050.0,2025-02-04 12:00:00,,,
1524,26,2,COMPLETED,2650.0,2025-02-26 12:00:00,,,
1525,35,1,COMPLETED,4100.0,2025-02-04 12:00:00,,,
1526,15,1,COMPLETED,1100.0,2025-02-17 12:00:00,,,
1527,6,2,COMPLETED,900.0,2025-02-02 12:00:00,,,
1528,21,1,COMPLETED,1550.0,2025-02-23 12:00:00,,,
1529,4,2,COMPLETED,950.0,2025-02-03 12:00:00,,,
1530,38,3,COMPLETED,1300.0,2025-02-08 12:00:00,,,
1531,4,1,COMPLETED,950.0,2025-02-17 12:00:00,,,
1532,4,1,COMPLETED,850.0,2025-01-30 12:00:00,,,
1533,38,1,COMPLETED,1850.0,2025-02-06 12:00:00,,,
1534,23,1,COMPLETED,1550.0,2025-02-04 12:00:00,,,
1535,1,2,COMPLETED,950.0,2025-02-03 12:00:00,,,
1536,21,3,COMPLETED,1300.0,2025-02-03 12:00:00,,,
1537,12,1,COMPLETED,1200.0,2025-02-09 12:00:00,,,
1538,48,1,COMPLETED,450.0,2025-02-09 12:00:00,,,
1539,16,2,COMPLETED,2000.0,2025-02-05 12:00:00,,,
1540,48,1,COMPLETED,900.0,2025-02-17 12:00:00,,,
1541,58,3,COMPLETED,1850.0,2025-02-17 12:00:00,,,
1542,9,1,COMPLETED,450.0,2025-02-16 12:00:00,,,
1543,1,2,COMPLETED,1050.0,2025-02-06 12:00:00,,,
1544,51,3,COMPLETED,1650.0,2025-02-14 12:00:00,,,
1545,48,2,COMPLETED,450.0,2025-02-06 12:00:00,,,
1546,36,1,COMPLETED,2850.0,2025-02-09 12:00:00,,,
1547,26,1,COMPLETED,2550.0,2025-02-13 12:00:00,,,
1548,14,1,COMPLETED,450.0,2025-02-20 12:00:00,,,
1549,38,1,COMPLETED,2850.0,2025-02-04 12:00:00,,,
1550,13,1,COMPLETED,1700.0,2025-01-28 12:00:00,,,
1551,2,1,COMPLETED,1200.0,2025-02-18 12:00:00,,,
1552,36,3,COMPLETED,1200.0,2025-02-25 12:00:00,,,
1553,12,1,COMPLETED,1100.0,2025-01-31 12:00:00,,,
1554,34,1,COMPLETED,1600.0,2025-02-26 12:00:00,,,
1555,2,3,COMPLETED,2000.0,2025-02-15 12:00:00,,,
1556,57,1,COMPLETED,600.0,2025-02-19 12:00:00,,,
1557,40,3,COMPLETED,1800.0,2025-01-28 12:00:00,,,
1558,53,1,COMPLETED,600.0,2025-02-22 12:00:00,,,
1559,48,1,COMPLETED,550.0,2025-02-15 12:00:00,,,
1560,36,3,COMPLETED,1200.0,2025-02-19 12:00:00,,,
1561,37,1,COMPLETED,2550.0,2025-02-10 12:00:00,,,
1562,4,3,COMPLETED,1000.0,2025-01-31 12:00:00,,,
1563,54,1,COMPLETED,900.0,2025-02-24 12:00:00,,,
1564,40,1,COMPLETED,2550.0,2025-02-11 12:00:00,,,
1565,31,2,COMPLETED,1600.0,2025-02-13 12:00:00,,,
1566,42,3,COMPLETED,1800.0,2025-02-12 12:00:00,,,
1567,36,1,COMPLETED,300.0,2025-02-20 12:00:00,,,
1568,24,1,COMPLETED,600.0,2025-01-31 12:00:00,,,
1569,34,1,COMPLETED,1850.0,2025-02-24 12:00:00,,,
1570,36,2,COMPLETED,1900.0,2025-02-08 12:00:00,,,
1571,49,1,COMPLETED,400.0,2025-02-15 12:00:00,,,
1572,15,2,COMPLETED,1050.0,2025-02-16 12:00:00,,,
1573,51,2,COMPLETED,450.0,2025-02-07 12:00:00,,,
1574,6,1,COMPLETED,450.0,2025-02-25 12:00:00,,,
1575,12,1,COMPLETED,950.0,2025-02-17 12:00:00,,,
1576,42,1,COMPLETED,600.0,2025-02-05 12:00:00,,,
1577,46,3,COMPLETED,1650.0,2025-01-30 12:00:00,,,
1578,47,2,COMPLETED,950.0,2025-02-14 12:00:00,,,
1579,40,2,COMPLETED,2600.0,2025-02-11 12:00:00,,,
1580,24,1,COMPLETED,1850.0,2025-02-04 12:00:00,,,
1581,46,3,COMPLETED,2300.0,2025-02-13 12:00:00,,,
1582,47,3,COMPLETED,1950.0,2025-02-20 12:00:00,,,
1583,23,2,COMPLETED,2950.0,2025-02-23 12:00:00,,,
1584,49,3,COMPLETED,1950.0,2025-02-16 12:00:00,,,
1585,25,3,COMPLETED,1050.0,2025-02-10 12:00:00,,,
1586,48,3,COMPLETED,1850.0,2025-02-22 12:00:00,,,
1587,38,2,COMPLETED,2800.0,2025-02-08 12:00:00,,,
1588,24,2,COMPLETED,2650.0,2025-02-21 12:00:00,,,
1589,28,3,COMPLETED,1200.0,2025-02-24 12:00:00,,,
1590,34,1,COMPLETED,1850.0,2025-02-06 12:00:00,,,
1591,5,3,COMPLETED,500.0,2025-02-18 12:00:00,,,
1592,40,1,COMPLETED,1850.0,2025-02-25 12:00:00,,,
1593,52,2,COMPLETED,350.0,2025-02-22 12:00:00,,,
1594,33,2,COMPLETED,1700.0,2025-02-24 12:00:00,,,
1595,8,1,COMPLETED,1100.0,2025-02-14 12:00:00,,,
1596,29,2,COMPLETED,1900.0,2025-01-29 12:00:00,,,
1597,17,1,COMPLETED,1200.0,2025-02-22 12:00:00,,,
1598,24,3,COMPLETED,1800.0,2025-02-11 12:00:00,,,
1599,28,2,COMPLETED,350.0,2025-02-04 12:00:00,,,
1600,43,3,COMPLETED,1700.0,2025-02-18 12:00:00,,,
1601,11,1,COMPLETED,1100.0,2025-01-31 12:00:00,,,
1602,55,1,COMPLETED,550.0,2025-02-09 12:00:00,,,
1603,57,1,COMPLETED,550.0,2025-01-31 12:00:00,,,
1604,18,3,COMPLETED,2000.0,2025-02-06 12:00:00,,,
1605,30,3,COMPLETED,2400.0,2025-02-10 12:00:00,,,
1606,7,3,COMPLETED,850.0,2025-02-17 12:00:00,,,
1607,16,2,COMPLETED,1050.0,2025-02-13 12:00:00,,,
1608,42,3,COMPLETED,1100.0,2025-02-15 12:00:00,,,
1609,1,1,COMPLETED,450.0,2025-01-30 12:00:00,,,
1610,30,1,COMPLETED,300.0,2025-02-10 12:00:00,,,
1611,9,3,COMPLETED,1900.0,2025-02-01 12:00:00,,,
1612,7,1,COMPLETED,450.0,2025-02-10 12:00:00,,,
1613,5,3,COMPLETED,1900.0,2025-02-06 12:00:00,,,
1614,14,1,COMPLETED,450.0,2025-02-06 12:00:00,,,
1615,42,3,COMPLETED,1700.0,2025-02-02 12:00:00,,,
1616,24,1,COMPLETED,2750.0,2025-02-25 12:00:00,,,
1617,47,3,COMPLETED,2400.0,2025-02-15 12:00:00,,,
1618,60,2,COMPLETED,450.0,2025-02-21 12:00:00,,,
1619,14,3,COMPLETED,1600.0,2025-02-03 12:00:00,,,
1620,11,2,COMPLETED,400.0,2025-02-23 12:00:00,,,
1621,34,1,COMPLETED,600.0,2025-02-20 12:00:00,,,
1622,8,1,COMPLETED,1200.0,2025-02-16 12:00:00,,,
1623,25,1,COMPLETED,1850.0,2025-02-15 12:00:00,,,
1624,49,2,COMPLETED,350.0,2025-02-15 12:00:00,,,
1625,14,1,COMPLETED,950.0,2025-02-09 12:00:00,,,
1626,7,2,COMPLETED,2050.0,2025-01-28 12:00:00,,,
1627,58,2,COMPLETED,450.0,2025-01-28 12:00:00,,,
1628,59,3,COMPLETED,500.0,2025-02-17 12:00:00,,,
1629,20,3,COMPLETED,500.0,2025-02-12 12:00:00,,,
1630,36,2,COMPLETED,1600.0,2025-02-07 12:00:00,,,
1631,14,2,COMPLETED,400.0,2025-01-31 12:00:00,,,
1632,46,2,COMPLETED,500.0,2025-02-25 12:00:00,,,
1633,18,1,COMPLETED,1200.0,2025-02-20 12:00:00,,,
1634,56,2,COMPLETED,1550.0,2025-01-29 12:00:00,,,
1635,17,2,COMPLETED,900.0,2025-02-04 12:00:00,,,
1636,39,1,COMPLETED,2850.0,2025-02-26 12:00:00,,,
1637,15,2,COMPLETED,2250.0,2025-01-30 12:00:00,,,
1638,42,3,COMPLETED,2400.0,2025-02-08 12:00:00,,,
1639,1,3,COMPLETED,1300.0,2025-02-24 12:00:00,,,
1640,39,1,COMPLETED,2750.0,2025-02-20 12:00:00,,,
1641,50,3,COMPLETED,1650.0,2025-02-19 12:00:00,,,
1642,19,3,COMPLETED,1300.0,2025-02-19 12:00:00,,,
1643,15,1,COMPLETED,1100.0,2025-02-13 12:00:00,,,
1644,17,3,COMPLETED,1000.0,2025-02-24 12:00:00,,,
1645,24,1,COMPLETED,1850.0,2025-02-13 12:00:00,,,
1646,46,3,COMPLETED,1650.0,2025-02-03 12:00:00,,,
1647,46,3,COMPLETED,2250.0,2025-02-09 12:00:00,,,
1648,28,2,COMPLETED,2600.0,2025-02-15 12:00:00,,,
1649,9,2,COMPLETED,1050.0,2025-02-22 12:00:00,,,
1650,1,2,COMPLETED,900.0,2025-02-05 12:00:00,,,
1651,57,3,COMPLETED,1950.0,2025-02-15 12:00:00,,,
1652,25,1,COMPLETED,2800.0,2025-01-30 12:00:00,,,
1653,27,1,COMPLETED,2550.0,2025-01-30 12:00:00,,,
1654,42,3,COMPLETED,2450.0,2025-02-07 12:00:00,,,
1655,3,3,COMPLETED,1400.0,2025-02-08 12:00:00,,,
1656,39,1,COMPLETED,2550.0,2025-02-13 12:00:00,,,
1657,37,3,COMPLETED,1200.0,2025-02-01 12:00:00,,,
1658,39,3,COMPLETED,700.0,2025-02-15 12:00:00,,,
1659,32,1,COMPLETED,2850.0,2025-02-14 12:00:00,,,
1660,19,3,COMPLETED,1100.0,2025-02-07 12:00:00,,,
1661,25,3,COMPLETED,1200.0,2025-02-05 12:00:00,,,
1662,47,2,COMPLETED,450.0,2025-02-22 12:00:00,,,
1663,56,2,COMPLETED,600.0,2025-02-17 12:00:00,,,
1664,49,1,COMPLETED,450.0,2025-02-24 12:00:00,,,
1665,32,2,COMPLETED,2650.0,2025-02-05 12:00:00,,,
1666,12,1,COMPLETED,850.0,2025-01-29 12:00:00,,,
1667,12,1,COMPLETED,1100.0,2025-02-21 12:00:00,,,
1668,16,3,COMPLETED,1400.0,2025-02-14 12:00:00,,,
1669,53,1,COMPLETED,550.0,2025-02-18 12:00:00,,,
1670,17,2,COMPLETED,900.0,2025-02-09 12:00:00,,,
1671,7,1,COMPLETED,1200.0,2025-02-04 12:00:00,,,
1672,60,1,COMPLETED,400.0,2025-02-11 12:00:00,,,
1673,37,3,COMPLETED,2400.0,2025-02-04 12:00:00,,,
1674,21,2,COMPLETED,1700.0,2025-02-15 12:00:00,,,
1675,50,3,COMPLETED,2400.0,2025-02-07 12:00:00,,,
1676,20,1,COMPLETED,1100.0,2025-02-13 12:00:00,,,
1677,44,3,COMPLETED,500.0,2025-02-22 12:00:00,,,
1678,17,3,COMPLETED,500.0,2025-02-02 12:00:00,,,
1679,40,2,COMPLETED,1400.0,2025-02-14 12:00:00,,,
1680,58,3,COMPLETED,1800.0,2025-02-26 12:00:00,,,
1681,49,1,COMPLETED,450.0,2025-02-13 12:00:00,,,
1682,25,2,COMPLETED,650.0,2025-02-24 12:00:00,,,
1683,56,3,COMPLETED,2450.0,2025-02-01 12:00:00,,,
1684,12,1,COMPLETED,850.0,2025-02-11 12:00:00,,,
1685,52,2,COMPLETED,450.0,2025-02-23 12:00:00,,,
1686,19,3,COMPLETED,1600.0,2025-02-10 12:00:00,,,
1687,27,1,COMPLETED,1550.0,2025-02-07 12:00:00,,,
1688,46,2,COMPLETED,950.0,2025-02-24 12:00:00,,,
1689,43,1,COMPLETED,600.0,2025-01-30 12:00:00,,,
1690,14,1,COMPLETED,950.0,2025-02-12 12:00:00,,,
1691,8,1,COMPLETED,1100.0,2025-02-10 12:00:00,,,
1692,6,3,COMPLETED,1000.0,2025-01-31 12:00:00,,,
1693,37,2,COMPLETED,2600.0,2025-02-15 12:00:00,,,
1694,23,2,COMPLETED,4050.0,2025-02-10 12:00:00,,,
1695,7,1,COMPLETED,1100.0,2025-02-24 12:00:00,,,
1696,57,3,COMPLETED,600.0,2025-02-23 12:00:00,,,
1697,58,2,COMPLETED,350.0,2025-02-26 12:00:00,,,
1698,33,3,COMPLETED,1050.0,2025-01-28 12:00:00,,,
1699,41,3,COMPLETED,2300.0,2025-02-11 12:00:00,,,
1700,33,2,COMPLETED,2950.0,2025-02-22 12:00:00,,,
1701,30,2,COMPLETED,2650.0,2025-02-08 12:00:00,,,
1702,43,2,COMPLETED,600.0,2025-02-17 12:00:00,,,
1703,8,3,COMPLETED,850.0,2025-02-05 12:00:00,,,
1704,30,3,COMPLETED,2400.0,2025-02-15 12:00:00,,,
1705,50,1,COMPLETED,600.0,2025-02-05 12:00:00,,,
1706,4,3,COMPLETED,850.0,2025-02-21 12:00:00,,,
1707,24,3,COMPLETED,1800.0,2025-02-07 12:00:00,,,
1708,33,2,COMPLETED,4050.0,2025-02-06 12:00:00,,,
1709,32,1,COMPLETED,1500.0,2025-02-06 12:00:00,,,
1710,24,1,COMPLETED,1850.0,2025-02-04 12:00:00,,,
1711,43,2,COMPLETED,350.0,2025-02-22 12:00:00,,,
1712,42,1,COMPLETED,550.0,2025-02-22 12:00:00,,,
1713,45,3,COMPLETED,1700.0,2025-02-26 12:00:00,,,
1714,41,3,COMPLETED,1850.0,2025-02-22 12:00:00,,,
1715,51,3,COMPLETED,1850.0,2025-02-24 12:00:00,,,
1716,4,3,COMPLETED,850.0,2025-02-07 12:00:00,,,
1717,38,2,COMPLETED,1600.0,2025-02-25 12:00:00,,,
1718,42,3,COMPLETED,1800.0,2025-02-07 12:00:00,,,
1719,40,3,COMPLETED,2100.0,2025-02-01 12:00:00,,,
1720,40,2,COMPLETED,2650.0,2025-02-23 12:00:00,,,
1721,41,2,COMPLETED,950.0,2025-02-26 12:00:00,,,
1722,35,1,COMPLETED,2550.0,2025-02-04 12:00:00,,,
1723,39,2,COMPLETED,2650.0,2025-02-09 12:00:00,,,
1724,48,1,COMPLETED,400.0,2025-02-02 12:00:00,,,
1725,33,3,COMPLETED,700.0,2025-02-12 12:00:00,,,
1726,43,3,COMPLETED,500.0,2025-02-23 12:00:00,,,
1727,54,1,COMPLETED,400.0,2025-02-09 12:00:00,,,
1728,34,3,COMPLETED,1200.0,2025-02-23 12:00:00,,,
1729,13,1,COMPLETED,950.0,2025-02-10 12:00:00,,,
1730,3,3,COMPLETED,500.0,2025-02-11 12:00:00,,,
1731,26,3,COMPLETED,450.0,2025-02-26 12:00:00,,,
1732,57,2,COMPLETED,450.0,2025-02-03 12:00:00,,,
1733,35,3,COMPLETED,2400.0,2025-02-11 12:00:00,,,
1734,33,1,COMPLETED,2850.0,2025-02-24 12:00:00,,,
1735,12,1,COMPLETED,950.0,2025-02-02 12:00:00,,,
1736,13,2,COMPLETED,1150.0,2025-02-23 12:00:00,,,
1737,5,1,COMPLETED,950.0,2025-02-15 12:00:00,,,
1738,25,1,COMPLETED,1850.0,2025-02-19 12:00:00,,,
1739,33,1,COMPLETED,4100.0,2025-02-05 12:00:00,,,
1740,23,2,COMPLETED,3700.0,2025-02-02 12:00:00,,,
1741,60,2,COMPLETED,450.0,2025-02-26 12:00:00,,,
1742,5,1,COMPLETED,850.0,2025-02-23 12:00:00,,,
1743,4,2,COMPLETED,400.0,2025-02-16 12:00:00,,,
1744,17,3,COMPLETED,1300.0,2025-02-20 12:00:00,,,
1745,23,3,COMPLETED,1200.0,2025-02-15 12:00:00,,,
1746,11,3,COMPLETED,1000.0,2025-02-17 12:00:00,,,
1747,30,2,COMPLETED,2950.0,2025-02-05 12:00:00,,,
1748,54,1,COMPLETED,550.0,2025-01-29 12:00:00,,,
1749,45,3,COMPLETED,2550.0,2025-02-11 12:00:00,,,
1750,8,1,COMPLETED,1200.0,2025-02-11 12:00:00,,,
1751,8,2,COMPLETED,1050.0,2025-02-04 12:00:00,,,
1752,59,3,COMPLETED,1700.0,2025-02-19 12:00:00,,,
1753,11,3,COMPLETED,1450.0,2025-02-03 12:00:00,,,
1754,26,3,COMPLETED,2400.0,2025-01-31 12:00:00,,,
1755,52,3,COMPLETED,2400.0,2025-02-14 12:00:00,,,
1756,44,3,COMPLETED,1650.0,2025-02-22 12:00:00,,,
1757,34,2,COMPLETED,2950.0,2025-01-31 12:00:00,,,
1758,44,2,COMPLETED,600.0,2025-02-11 12:00:00,,,
1759,54,3,COMPLETED,500.0,2025-02-14 12:00:00,,,
1760,43,3,COMPLETED,1800.0,2025-02-04 12:00:00,,,
1761,50,3,COMPLETED,1700.0,2025-02-11 12:00:00,,,
1762,41,3,COMPLETED,1800.0,2025-02-11 12:00:00,,,
1763,31,3,COMPLETED,1050.0,2025-02-14 12:00:00,,,
1764,7,3,COMPLETED,850.0,2025-02-19 12:00:00,,,
1765,46,1,COMPLETED,550.0,2025-02-18 12:00:00,,,
1766,13,3,COMPLETED,1100.0,2025-02-09 12:00:00,,,
1767,56,2,COMPLETED,350.0,2025-02-02 12:00:00,,,
1768,38,2,COMPLETED,2600.0,2025-02-16 12:00:00,,,
1769,22,1,COMPLETED,4000.0,2025-01-31 12:00:00,,,
1770,30,1,COMPLETED,2750.0,2025-02-11 12:00:00,,,
1771,30,1,COMPLETED,1550.0,2025-02-07 12:00:00,,,
1772,18,2,COMPLETED,950.0,2025-02-21 12:00:00,,,
1773,7,2,COMPLETED,2150.0,2025-02-01 12:00:00,,,
1774,27,2,COMPLETED,3750.0,2025-01-31 12:00:00,,,
1775,24,3,COMPLETED,1800.0,2025-01-30 12:00:00,,,
1776,29,2,COMPLETED,1900.0,2025-02-19 12:00:00,,,
1777,48,3,COMPLETED,500.0,2025-02-17 12:00:00,,,
1778,31,3,COMPLETED,1050.0,2025-02-01 12:00:00,,,
1779,7,1,COMPLETED,850.0,2025-02-22 12:00:00,,,
1780,47,1,COMPLETED,550.0,2025-02-06 12:00:00,,,
1781,59,3,COMPLETED,1800.0,2025-02-13 12:00:00,,,
1782,15,1,COMPLETED,450.0,2025-02-11 12:00:00,,,
1783,47,3,COMPLETED,2400.0,2025-01-28 12:00:00,,,
1784,43,3,COMPLETED,1950.0,2025-02-05 12:00:00,,,
1785,36,2,COMPLETED,2650.0,2025-02-20 12:00:00,,,
1786,60,3,COMPLETED,2300.0,2025-02-14 12:00:00,,,
1787,25,1,COMPLETED,1550.0,2025-02-08 12:00:00,,,
1788,29,2,COMPLETED,2700.0,2025-02-07 12:00:00,,,
1789,22,2,COMPLETED,2650.0,2025-02-17 12:00:00,,,
1790,4,3,COMPLETED,850.0,2025-02-20 12:00:00,,,
1791,55,1,COMPLETED,600.0,2025-02-21 12:00:00,,,
1792,22,1,COMPLETED,2750.0,2025-02-24 12:00:00,,,
1793,52,1,COMPLETED,550.0,2025-02-04 12:00:00,,,
1794,32,2,COMPLETED,1600.0,2025-02-07 12:00:00,,,
1795,8,3,COMPLETED,850.0,2025-02-23 12:00:00,,,
1796,55,2,COMPLETED,450.0,2025-02-21 12:00:00,,,
1797,56,1,COMPLETED,550.0,2025-02-10 12:00:00,,,
1798,44,3,COMPLETED,1700.0,2025-02-20 12:00:00,,,
1799,12,2,COMPLETED,950.0,2025-02-19 12:00:00,,,
1800,52,3,COMPLETED,1850.0,2025-01-28 12:00:00,,,
1801,55,1,COMPLETED,600.0,2025-02-14 12:00:00,,,
1802,31,1,COMPLETED,2550.0,2025-02-09 12:00:00,,,
1803,3,2,COMPLETED,1150.0,2025-02-03 12:00:00,,,
1804,24,3,COMPLETED,2400.0,2025-01-31 12:00:00,,,
1805,46,2,COMPLETED,2050.0,2025-02-03 12:00:00,,,
1806,12,1,COMPLETED,1100.0,2025-02-20 12:00:00,,,
1807,53,3,COMPLETED,2300.0,2025-02-13 12:00:00,,,
1808,14,3,COMPLETED,1900.0,2025-02-10 12:00:00,,,
1809,15,1,COMPLETED,950.0,2025-02-22 12:00:00,,,
1810,56,1,COMPLETED,1700.0,2025-02-03 12:00:00,,,
1811,50,2,COMPLETED,500.0,2025-02-26 12:00:00,,,
1812,37,2,COMPLETED,2600.0,2025-02-24 12:00:00,,,
1813,44,2,COMPLETED,1600.0,2025-02-08 12:00:00,,,
1814,49,3,COMPLETED,1850.0,2025-02-20 12:00:00,,,
1815,59,2,COMPLETED,450.0,2025-01-28 12:00:00,,,
1816,7,3,COMPLETED,1400.0,2025-02-15 12:00:00,,,
1817,39,2,COMPLETED,1600.0,2025-02-02 12:00:00,,,
1818,49,3,COMPLETED,1800.0,2025-02-22 12:00:00,,,
1819,23,3,COMPLETED,1200.0,2025-02-24 12:00:00,,,
1820,12,3,COMPLETED,850.0,2025-02-21 12:00:00,,,
1821,44,2,COMPLETED,350.0,2025-02-26 12:00:00,,,
1822,11,2,COMPLETED,2150.0,2025-02-08 12:00:00,,,
1823,15,3,COMPLETED,1300.0,2025-01-28 12:00:00,,,
1824,44,3,COMPLETED,1800.0,2025-02-08 12:00:00,,,
1825,46,2,COMPLETED,500.0,2025-02-25 12:00:00,,,
1826,6,1,COMPLETED,1200.0,2025-02-08 12:00:00,,,
1827,58,3,COMPLETED,1700.0,2025-02-23 12:00:00,,,
1828,43,1,COMPLETED,900.0,2025-02-12 12:00:00,,,
1829,27,1,COMPLETED,2750.0,2025-02-17 12:00:00,,,
1830,42,2,COMPLETED,600.0,2025-02-23 12:00:00,,,
1831,7,1,COMPLETED,950.0,2025-02-11 12:00:00,,,
1832,9,3,COMPLETED,850.0,2025-02-26 12:00:00,,,
1833,9,2,COMPLETED,950.0,2025-02-20 12:00:00,,,
1834,24,3,COMPLETED,1800.0,2025-02-02 12:00:00,,,
1835,7,1,COMPLETED,450.0,2025-01-29 12:00:00,,,
1836,8,3,COMPLETED,1000.0,2025-01-30 12:00:00,,,
1837,11,2,COMPLETED,2250.0,2025-02-09 12:00:00,,,
1838,41,1,COMPLETED,1800.0,2025-02-02 12:00:00,,,
1839,55,2,COMPLETED,600.0,2025-01-30 12:00:00,,,
1840,5,1,COMPLETED,1200.0,2025-01-30 12:00:00,,,
1841,20,2,COMPLETED,1150.0,2025-02-05 12:00:00,,,
1842,5,2,COMPLETED,1500.0,2025-01-29 12:00:00,,,
1843,60,1,COMPLETED,550.0,2025-02-15 12:00:00,,,
1844,26,3,COMPLETED,2100.0,2025-02-14 12:00:00,,,
1845,49,2,COMPLETED,950.0,2025-02-19 12:00:00,,,
1846,30,2,COMPLETED,2950.0,2025-02-11 12:00:00,,,
1847,35,2,COMPLETED,2600.0,2025-02-09 12:00:00,,,
1848,15,1,COMPLETED,1200.0,2025-01-28 12:00:00,,,
1849,58,3,COMPLETED,1800.0,2025-02-25 12:00:00,,,
1850,53,3,COMPLETED,450.0,2025-02-18 12:00:00,,,
1851,59,3,COMPLETED,1850.0,2025-02-19 12:00:00,,,
1852,9,3,COMPLETED,1100.0,2025-02-05 12:00:00,,,
1853,58,2,COMPLETED,1550.0,2025-02-05 12:00:00,,,
1854,51,3,COMPLETED,1800.0,2025-02-26 12:00:00,,,
1855,5,2,COMPLETED,2150.0,2025-02-02 12:00:00,,,
1856,45,3,COMPLETED,2400.0,2025-02-06 12:00:00,,,
1857,47,3,COMPLETED,450.0,2025-02-18 12:00:00,,,
1858,2,3,COMPLETED,1300.0,2025-02-11 12:00:00,,,
1859,41,3,COMPLETED,650.0,2025-02-10 12:00:00,,,
1860,43,2,COMPLETED,600.0,2025-02-22 12:00:00,,,
1861,32,3,COMPLETED,450.0,2025-02-23 12:00:00,,,
1862,38,1,COMPLETED,2550.0,2025-02-21 12:00:00,,,
1863,51,3,COMPLETED,1800.0,2025-02-12 12:00:00,,,
1864,10,3,COMPLETED,1900.0,2025-02-07 12:00:00,,,
1865,5,2,COMPLETED,2150.0,2025-02-01 12:00:00,,,
1866,33,1,COMPLETED,2550.0,2025-02-09 12:00:00,,,
1867,34,2,COMPLETED,350.0,2025-02-26 12:00:00,,,
1868,34,2,COMPLETED,2650.0,2025-02-03 12:00:00,,,
1869,1,2,COMPLETED,400.0,2025-02-18 12:00:00,,,
1870,12,3,COMPLETED,1000.0,2025-02-05 12:00:00,,,
1871,6,2,COMPLETED,1050.0,2025-02-04 12:00:00,,,
1872,10,2,COMPLETED,900.0,2025-02-15 12:00:00,,,
1873,52,1,COMPLETED,900.0,2025-02-22 12:00:00,,,
1874,54,1,COMPLETED,600.0,2025-02-05 12:00:00,,,
1875,40,3,COMPLETED,1800.0,2025-02-22 12:00:00,,,
1876,31,3,COMPLETED,2400.0,2025-02-07 12:00:00,,,
1877,48,2,COMPLETED,600.0,2025-02-16 12:00:00,,,
1878,26,3,COMPLETED,1050.0,2025-02-03 12:00:00,,,
1879,37,1,COMPLETED,2550.0,2025-02-22 12:00:00,,,
1880,49,1,COMPLETED,900.0,2025-01-31 12:00:00,,,
1881,47,1,COMPLETED,550.0,2025-02-24 12:00:00,,,
1882,57,1,COMPLETED,550.0,2025-02-18 12:00:00,,,
1883,6,1,COMPLETED,450.0,2025-02-03 12:00:00,,,
1884,16,3,COMPLETED,1900.0,2025-02-07 12:00:00,,,
1885,35,1,COMPLETED,600.0,2025-02-01 12:00:00,,,
1886,8,2,COMPLETED,2050.0,2025-02-01 12:00:00,,,
1887,41,2,COMPLETED,600.0,2025-02-19 12:00:00,,,
1888,41,2,COMPLETED,1550.0,2025-02-07 12:00:00,,,
1889,50,1,COMPLETED,1800.0,2025-02-01 12:00:00,,,
1890,24,1,COMPLETED,1850.0,2025-02-15 12:00:00,,,
1891,28,2,COMPLETED,1900.0,2025-01-30 12:00:00,,,
1892,56,3,COMPLETED,2250.0,2025-02-03 12:00:00,,,
1893,60,2,COMPLETED,2050.0,2025-02-05 12:00:00,,,
1894,3,1,COMPLETED,1100.0,2025-02-12 12:00:00,,,
1895,20,1,COMPLETED,450.0,2025-02-08 12:00:00,,,
1896,57,2,COMPLETED,950.0,2025-02-14 12:00:00,,,
1897,4,3,COMPLETED,2000.0,2025-01-29 12:00:00,,,
1898,39,1,COMPLETED,1850.0,2025-02-24 12:00:00,,,
1899,43,3,COMPLETED,1700.0,2025-02-11 12:00:00,,,
1900,6,3,COMPLETED,1400.0,2025-02-16 12:00:00,,,
1901,10,2,COMPLETED,900.0,2025-02-14 12:00:00,,,
1902,42,1,COMPLETED,550.0,2025-02-06 12:00:00,,,
1903,42,2,COMPLETED,450.0,2025-02-26 12:00:00,,,
1904,36,1,COMPLETED,2550.0,2025-02-06 12:00:00,,,
1905,60,3,COMPLETED,2300.0,2025-02-04 12:00:00,,,
1906,28,1,COMPLETED,1500.0,2025-02-01 12:00:00,,,
1907,32,1,COMPLETED,2850.0,2025-02-13 12:00:00,,,
1908,27,3,COMPLETED,450.0,2025-02-24 12:00:00,,,
1909,59,2,COMPLETED,1450.0,2025-02-10 12:00:00,,,
1910,21,3,COMPLETED,1300.0,2025-01-28 12:00:00,,,
1911,49,1,COMPLETED,900.0,2025-01-31 12:00:00,,,
1912,42,2,COMPLETED,950.0,2025-02-13 12:00:00,,,
1913,22,2,COMPLETED,2600.0,2025-02-11 12:00:00,,,
1914,11,2,COMPLETED,900.0,2025-02-21 12:00:00,,,
1915,33,2,COMPLETED,3700.0,2025-02-01 12:00:00,,,
1916,38,3,COMPLETED,1800.0,2025-02-01 12:00:00,,,
1917,7,2,COMPLETED,900.0,2025-02-08 12:00:00,,,
1918,46,3,COMPLETED,1950.0,2025-02-24 12:00:00,,,
1919,2,1,COMPLETED,450.0,2025-02-14 12:00:00,,,
1920,28,2,COMPLETED,1900.0,2025-02-21 12:00:00,,,
1921,59,3,COMPLETED,1850.0,2025-02-14 12:00:00,,,
1922,1,2,COMPLETED,400.0,2025-02-20 12:00:00,,,
1923,53,1,COMPLETED,450.0,2025-02-01 12:00:00,,,
1924,15,3,COMPLETED,1900.0,2025-02-14 12:00:00,,,
1925,23,3,COMPLETED,1300.0,2025-02-02 12:00:00,,,
1926,58,3,COMPLETED,1850.0,2025-02-19 12:00:00,,,
1927,39,3,COMPLETED,1300.0,2025-02-02 12:00:00,,,
1928,39,3,COMPLETED,1800.0,2025-02-21 12:00:00,,,
1929,32,2,COMPLETED,2950.0,2025-02-24 12:00:00,,,
1930,38,3,COMPLETED,2100.0,2025-02-01 12:00:00,,,
1931,34,3,COMPLETED,1200.0,2025-02-20 12:00:00,,,
1932,27,2,COMPLETED,2650.0,2025-02-09 12:00:00,,,
1933,5,2,COMPLETED,1050.0,2025-02-04 12:00:00,,,
1934,38,2,COMPLETED,2950.0,2025-02-19 12:00:00,,,
1935,33,1,COMPLETED,2550.0,2025-02-03 12:00:00,,,
1936,17,3,COMPLETED,1400.0,2025-02-08 12:00:00,,,
1937,7,2,COMPLETED,2150.0,2025-02-09 12:00:00,,,
1938,54,1,COMPLETED,550.0,2025-02-12 12:00:00,,,
1939,51,2,COMPLETED,350.0,2025-02-12 12:00:00,,,
1940,5,3,COMPLETED,1400.0,2025-02-24 12:00:00,,,
1941,23,1,COMPLETED,4100.0,2025-01-30 12:00:00,,,
1942,11,2,COMPLETED,1050.0,2025-02-08 12:00:00,,,
1943,60,2,COMPLETED,2050.0,2025-02-08 12:00:00,,,
1944,45,3,COMPLETED,1650.0,2025-02-21 12:00:00,,,
1945,31,1,COMPLETED,2750.0,2025-01-31 12:00:00,,,
1946,14,3,COMPLETED,1100.0,2025-01-29 12:00:00,,,
1947,58,2,COMPLETED,500.0,2025-02-10 12:00:00,,,
1948,30,2,COMPLETED,2650.0,2025-02-15 12:00:00,,,
1949,42,3,COMPLETED,1800.0,2025-02-18 12:00:00,,,
1950,46,1,COMPLETED,600.0,2025-02-03 12:00:00,,,
1951,53,2,COMPLETED,600.0,2025-02-04 12:00:00,,,
1952,37,2,COMPLETED,2700.0,2025-02-09 12:00:00,,,
1953,11,1,COMPLETED,850.0,2025-02-11 12:00:00,,,
1954,18,3,COMPLETED,1600.0,2025-02-07 12:00:00,,,
1955,2,1,COMPLETED,1100.0,2025-02-17 12:00:00,,,
1956,22,1,COMPLETED,1550.0,2025-02-07 12:00:00,,,
1957,8,1,COMPLETED,450.0,2025-02-26 12:00:00,,,
1958,28,3,COMPLETED,1300.0,2025-01-31 12:00:00,,,
1959,37,2,COMPLETED,1600.0,2025-02-23 12:00:00,,,
1960,54,3,COMPLETED,1850.0,2025-02-24 12:00:00,,,
1961,46,1,COMPLETED,400.0,2025-02-17 12:00:00,,,
1962,49,2,COMPLETED,2050.0,2025-01-28 12:00:00,,,
1963,11,1,COMPLETED,850.0,2025-02-15 12:00:00,,,
1964,18,2,COMPLETED,950.0,2025-02-01 12:00:00,,,
1965,18,3,COMPLETED,1000.0,2025-02-14 12:00:00,,,
1966,3,2,COMPLETED,1050.0,2025-02-24 12:00:00,,,
1967,49,3,COMPLETED,1700.0,2025-02-18 12:00:00,,,
1968,34,1,COMPLETED,1550.0,2025-02-08 12:00:00,,,
1969,28,3,COMPLETED,1800.0,2025-01-28 12:00:00,,,
1970,38,1,COMPLETED,2750.0,2025-02-25 12:00:00,,,
1971,20,3,COMPLETED,1900.0,2025-02-13 12:00:00,,,
1972,55,2,COMPLETED,600.0,2025-01-30 12:00:00,,,
1973,53,1,COMPLETED,400.0,2025-02-03 12:00:00,,,
1974,5,1,COMPLETED,950.0,2025-02-08 12:00:00,,,
1975,17,1,COMPLETED,850.0,2025-02-22 12:00:00,,,
1976,8,3,COMPLETED,1000.0,2025-02-04 12:00:00,,,
1977,25,2,COMPLETED,1900.0,2025-02-23 12:00:00,,,
1978,40,3,COMPLETED,1500.0,2025-02-17 12:00:00,,,
1979,14,1,COMPLETED,1200.0,2025-02-18 12:00:00,,,
1980,34,3,COMPLETED,2100.0,2025-02-07 12:00:00,,,
1981,5,3,COMPLETED,1300.0,2025-02-25 12:00:00,,,
1982,13,3,COMPLETED,1300.0,2025-02-21 12:00:00,,,
1983,13,2,COMPLETED,950.0,2025-02-11 12:00:00,,,
1984,46,1,COMPLETED,400.0,2025-02-13 12:00:00,,,
1985,31,3,COMPLETED,450.0,2025-02-20 12:00:00,,,
1986,59,3,COMPLETED,2300.0,2025-02-11 12:00:00,,,
1987,10,1,COMPLETED,2350.0,2025-01-31 12:00:00,,,
1988,53,3,COMPLETED,1850.0,2025-02-19 12:00:00,,,
1989,2,2,COMPLETED,400.0,2025-02-13 12:00:00,,,
1990,56,1,COMPLETED,400.0,2025-02-14 12:00:00,,,
1991,31,2,COMPLETED,1600.0,2025-02-25 12:00:00,,,
1992,39,3,COMPLETED,1050.0,2025-02-14 12:00:00,,,
1993,36,2,COMPLETED,1900.0,2025-02-12 12:00:00,,,
1994,39,3,COMPLETED,1200.0,2025-02-20 12:00:00,,,
1995,3,1,COMPLETED,1200.0,2025-02-25 12:00:00,,,
1996,14,2,COMPLETED,1500.0,2025-02-05 12:00:00,,,
1997,45,3,COMPLETED,1800.0,2025-02-18 12:00:00,,,
1998,21,1,COMPLETED,2550.0,2025-02-09 12:00:00,,,
1999,31,3,COMPLETED,450.0,2025-02-12 12:00:00,,,
2000,15,1,COMPLETED,1200.0,2025-02-24 12:00:00,,,
